original_path,output_path,articleurl,status,footer_used
different-new-year-celebrations-around-the-world-and-images.html,different-new-year-celebrations-around-the-world-and-images.html,yes,merged,/Users/prashantdhingra/e/a3_output/happy-new-year.org/output/content/footer.fragment
horoscope.html,horoscope.html,yes,merged,/Users/prashantdhingra/e/a3_output/happy-new-year.org/output/content/footer.fragment
wishes-and-wallpapers.html,wishes-and-wallpapers.html,yes,merged,/Users/prashantdhingra/e/a3_output/happy-new-year.org/output/content/footer.fragment
daily-horoscope.html,daily-horoscope.html,yes,merged,/Users/prashantdhingra/e/a3_output/happy-new-year.org/output/content/footer.fragment
new-year-slideshow.html,new-year-slideshow.html,yes,merged,/Users/prashantdhingra/e/a3_output/happy-new-year.org/output/content/footer.fragment
global-celebration.html,global-celebration.html,yes,merged,/Users/prashantdhingra/e/a3_output/happy-new-year.org/output/content/footer.fragment
newyear-hub-main-image.html,index.html,yes,merged,/Users/prashantdhingra/e/a3_output/happy-new-year.org/output/content/footer.fragment
welcome-new-year.html,welcome-new-year.html,yes,merged,/Users/prashantdhingra/e/a3_output/happy-new-year.org/output/content/footer.fragment
sunsign-horoscope/sunsign-horoscope.html,sunsign-horoscope/index.html,yes,merged,/Users/prashantdhingra/e/a3_output/happy-new-year.org/output/content/sunsign-horoscope/footer.fragment
sunsign-horoscope/elder-futhark-runes/elder-futhark-runes.htm,sunsign-horoscope/elder-futhark-runes/index.html,yes,merged,/Users/prashantdhingra/e/a3_output/happy-new-year.org/output/content/sunsign-horoscope/elder-futhark-runes/footer.fragment
sunsign-horoscope/horoscope-concepts/horoscope-concepts.htm,sunsign-horoscope/horoscope-concepts/index.html,yes,merged,/Users/prashantdhingra/e/a3_output/happy-new-year.org/output/content/sunsign-horoscope/horoscope-concepts/footer.fragment
sunsign-horoscope/feng-shui-decoded/feng-shui-decoded.htm,sunsign-horoscope/feng-shui-decoded/index.html,yes,merged,/Users/prashantdhingra/e/a3_output/happy-new-year.org/output/content/sunsign-horoscope/feng-shui-decoded/footer.fragment
sunsign-horoscope/vastu-shastra-decoded/vastu-shastra-decoded.htm,sunsign-horoscope/vastu-shastra-decoded/index.html,yes,merged,/Users/prashantdhingra/e/a3_output/happy-new-year.org/output/content/sunsign-horoscope/vastu-shastra-decoded/footer.fragment
sunsign-horoscope/aura-colors/aura-colors-decoded.htm,sunsign-horoscope/aura-colors/index.html,yes,merged,/Users/prashantdhingra/e/a3_output/happy-new-year.org/output/content/sunsign-horoscope/aura-colors/footer.fragment
sunsign-horoscope/chinese-zodiac/chinese-zodiac-detailed.htm,sunsign-horoscope/chinese-zodiac/index.html,yes,merged,/Users/prashantdhingra/e/a3_output/happy-new-year.org/output/content/sunsign-horoscope/chinese-zodiac/footer.fragment
sunsign-horoscope/sun-signs-detailed/sun-signs-detailed.htm,sunsign-horoscope/sun-signs-detailed/index.html,yes,merged,/Users/prashantdhingra/e/a3_output/happy-new-year.org/output/content/sunsign-horoscope/sun-signs-detailed/footer.fragment
sunsign-horoscope/numerology-decoded/numerology-decoded.htm,sunsign-horoscope/numerology-decoded/index.html,yes,merged,/Users/prashantdhingra/e/a3_output/happy-new-year.org/output/content/sunsign-horoscope/numerology-decoded/footer.fragment
sunsign-horoscope/tarot-major-arcana/tarot-major-arcana.htm,sunsign-horoscope/tarot-major-arcana/index.html,yes,merged,/Users/prashantdhingra/e/a3_output/happy-new-year.org/output/content/sunsign-horoscope/tarot-major-arcana/footer.fragment
sunsign-horoscope/angel-numbers/angel-numbers-decoded.htm,sunsign-horoscope/angel-numbers/index.html,yes,merged,/Users/prashantdhingra/e/a3_output/happy-new-year.org/output/content/sunsign-horoscope/angel-numbers/footer.fragment
sunsign-horoscope/i-ching-decoded/i-ching-decoded.htm,sunsign-horoscope/i-ching-decoded/index.html,yes,merged,/Users/prashantdhingra/e/a3_output/happy-new-year.org/output/content/sunsign-horoscope/i-ching-decoded/footer.fragment
sunsign-horoscope/palmistry-detailed/palmistry-detailed.htm,sunsign-horoscope/palmistry-detailed/index.html,yes,merged,/Users/prashantdhingra/e/a3_output/happy-new-year.org/output/content/sunsign-horoscope/palmistry-detailed/footer.fragment
sunsign-horoscope/crystals-gemstones/crystals-gemstones.htm,sunsign-horoscope/crystals-gemstones/index.html,yes,merged,/Users/prashantdhingra/e/a3_output/happy-new-year.org/output/content/sunsign-horoscope/crystals-gemstones/footer.fragment
2013/2013-movies.htm,2013/2013-movies.html,yes,merged,/Users/prashantdhingra/e/a3_output/happy-new-year.org/output/content/2013/footer.fragment
2013/Miss Universe 2013 competition.htm,2013/miss-universe-2013-competition.html,yes,merged,/Users/prashantdhingra/e/a3_output/happy-new-year.org/output/content/2013/footer.fragment
2013/Main Search of 2013.htm,2013/main-search-of-2013.html,yes,merged,/Users/prashantdhingra/e/a3_output/happy-new-year.org/output/content/2013/footer.fragment
2013/2013-news.htm,2013/2013-news.html,yes,merged,/Users/prashantdhingra/e/a3_output/happy-new-year.org/output/content/2013/footer.fragment
2013/2013-oscar-awards.htm,2013/2013-oscar-awards.html,yes,merged,/Users/prashantdhingra/e/a3_output/happy-new-year.org/output/content/2013/footer.fragment
2013/Worst Gadget of 2013.htm,2013/worst-gadget-of-2013.html,yes,merged,/Users/prashantdhingra/e/a3_output/happy-new-year.org/output/content/2013/footer.fragment
2013/news.htm,2013/index.html,yes,merged,/Users/prashantdhingra/e/a3_output/happy-new-year.org/output/content/2013/footer.fragment
2013/Delhi Chief Minister.htm,2013/delhi-chief-minister.html,yes,merged,/Users/prashantdhingra/e/a3_output/happy-new-year.org/output/content/2013/footer.fragment
2013/Hindi Movies.htm,2013/hindi-movies.html,yes,merged,/Users/prashantdhingra/e/a3_output/happy-new-year.org/output/content/2013/footer.fragment
2013/Sachin Tendulkar retired.htm,2013/sachin-tendulkar-retired.html,yes,merged,/Users/prashantdhingra/e/a3_output/happy-new-year.org/output/content/2013/footer.fragment
inca/index.htm,inca/index.html,yes,merged,/Users/prashantdhingra/e/a3_output/happy-new-year.org/output/content/inca/footer.fragment
2014/2014-news.htm,2014/2014-news.html,yes,merged,/Users/prashantdhingra/e/a3_output/happy-new-year.org/output/content/2014/footer.fragment
2014/top-movies.htm,2014/top-movies.html,yes,merged,/Users/prashantdhingra/e/a3_output/happy-new-year.org/output/content/2014/footer.fragment
2014/fireworks.htm,2014/july-4-fireworks.html,yes,merged,/Users/prashantdhingra/e/a3_output/happy-new-year.org/output/content/2014/footer.fragment
2014/2014-movies.htm,2014/2014-movies.html,yes,merged,/Users/prashantdhingra/e/a3_output/happy-new-year.org/output/content/2014/footer.fragment
2014/news.htm,2014/index.html,yes,merged,/Users/prashantdhingra/e/a3_output/happy-new-year.org/output/content/2014/footer.fragment
2014/2014-best-movies.htm,2014/2014-best-movies.html,yes,merged,/Users/prashantdhingra/e/a3_output/happy-new-year.org/output/content/2014/footer.fragment
2022/oscar-prize-winners.htm,2022/oscar-prize-winners.html,yes,merged,/Users/prashantdhingra/e/a3_output/happy-new-year.org/output/content/2022/footer.fragment
2022/movies.htm,2022/movies.html,yes,merged,/Users/prashantdhingra/e/a3_output/happy-new-year.org/output/content/2022/footer.fragment
2022/news.htm,2022/index.html,yes,merged,/Users/prashantdhingra/e/a3_output/happy-new-year.org/output/content/2022/footer.fragment
2022/nobel-prize-winners.htm,2022/nobel-prize-winners.html,yes,merged,/Users/prashantdhingra/e/a3_output/happy-new-year.org/output/content/2022/footer.fragment
korean/index.htm,korean/index.html,yes,merged,/Users/prashantdhingra/e/a3_output/happy-new-year.org/output/content/korean/footer.fragment
design/rangoli-designer-welcome-new-year-theme.html,design/index.html,yes,merged,/Users/prashantdhingra/e/a3_output/happy-new-year.org/output/content/design/footer.fragment
design/thanks-giving/thanksgiving-wreath-designer-welcome-new-year-theme.html,design/thanks-giving/index.html,yes,merged,/Users/prashantdhingra/e/a3_output/happy-new-year.org/output/content/design/thanks-giving/footer.fragment
design/rakhi/raksha-bandhan-reimagined-welcome-new-year-theme.html,design/rakhi/index.html,yes,merged,/Users/prashantdhingra/e/a3_output/happy-new-year.org/output/content/design/rakhi/footer.fragment
design/rakhi/rakhi-designer-upload-photo-welcome-new-year.html,design/rakhi/raksha-bandhan-design.html,yes,merged,/Users/prashantdhingra/e/a3_output/happy-new-year.org/output/content/design/rakhi/footer.fragment
design/halloween/halloween-desk-lantern-welcome-new-year-theme.html,design/halloween/index.html,yes,merged,/Users/prashantdhingra/e/a3_output/happy-new-year.org/output/content/design/halloween/footer.fragment
design/fall-pumpkin-carving/halloween-pumpkin-carver-welcome-new-year-theme.html,design/fall-pumpkin-carving/index.html,yes,merged,/Users/prashantdhingra/e/a3_output/happy-new-year.org/output/content/design/fall-pumpkin-carving/footer.fragment
design/karwachouth/karwachauth-thali-designer.html,design/karwachouth/puja-thali.html,yes,merged,/Users/prashantdhingra/e/a3_output/happy-new-year.org/output/content/design/karwachouth/footer.fragment
design/karwachouth/karwachauth-thali-designer-shareable-welcome-new-year-theme.html,design/karwachouth/index.html,yes,merged,/Users/prashantdhingra/e/a3_output/happy-new-year.org/output/content/design/karwachouth/footer.fragment
design/sankranti/sankranti-kite-designer-shareable-welcome-new-year-theme.html,design/sankranti/index.html,yes,merged,/Users/prashantdhingra/e/a3_output/happy-new-year.org/output/content/design/sankranti/footer.fragment
design/dusshera/dussehra-ravana-designer-shareable-welcome-new-year-theme.html,design/dusshera/index.html,yes,merged,/Users/prashantdhingra/e/a3_output/happy-new-year.org/output/content/design/dusshera/footer.fragment
design/dusshera/dussehra-ravana-designer.html,design/dusshera/design-ravana-effigy.html,yes,merged,/Users/prashantdhingra/e/a3_output/happy-new-year.org/output/content/design/dusshera/footer.fragment
design/kite-flying/sankranti-kite-designer.html,design/kite-flying/index.html,yes,merged,/Users/prashantdhingra/e/a3_output/happy-new-year.org/output/content/design/kite-flying/footer.fragment
2025/closing-2025.html,2025/closing-2025.html,yes,merged,/Users/prashantdhingra/e/a3_output/happy-new-year.org/output/content/2025/footer.fragment
2025/career-business-resolutions.html,2025/career-business-resolutions.html,yes,merged,/Users/prashantdhingra/e/a3_output/happy-new-year.org/output/content/2025/footer.fragment
2025/ukraine-2025-events.html,2025/ukraine-2025-events.html,yes,merged,/Users/prashantdhingra/e/a3_output/happy-new-year.org/output/content/2025/footer.fragment
2025/2025-israel-events-data.html,2025/2025-israel-events-data.html,yes,merged,/Users/prashantdhingra/e/a3_output/happy-new-year.org/output/content/2025/footer.fragment
2025/2025-canada-events-data.html,2025/2025-canada-events-data.html,yes,merged,/Users/prashantdhingra/e/a3_output/happy-new-year.org/output/content/2025/footer.fragment
2025/2025-ukraine-events-data.html,2025/2025-ukraine-events-data.html,yes,merged,/Users/prashantdhingra/e/a3_output/happy-new-year.org/output/content/2025/footer.fragment
2025/2025-global-events-data.html,2025/index.html,yes,merged,/Users/prashantdhingra/e/a3_output/happy-new-year.org/output/content/2025/footer.fragment
2025/2025-usa-events-data.html,2025/2025-usa-events-data.html,yes,merged,/Users/prashantdhingra/e/a3_output/happy-new-year.org/output/content/2025/footer.fragment
2025/2025-uk-events-data.html,2025/2025-uk-events-data.html,yes,merged,/Users/prashantdhingra/e/a3_output/happy-new-year.org/output/content/2025/footer.fragment
2025/2025-conflict-wars.html,2025/2025-conflict-wars.html,yes,merged,/Users/prashantdhingra/e/a3_output/happy-new-year.org/output/content/2025/footer.fragment
2025/reslutions-financial-freedom.html,2025/reslutions-financial-freedom.html,yes,merged,/Users/prashantdhingra/e/a3_output/happy-new-year.org/output/content/2025/footer.fragment
2025/noble-prize-2025-2024.html,2025/noble-prize-2025-2024.html,yes,merged,/Users/prashantdhingra/e/a3_output/happy-new-year.org/output/content/2025/footer.fragment
2025/2025-technology-evolution.html,2025/2025-technology-evolution.html,yes,merged,/Users/prashantdhingra/e/a3_output/happy-new-year.org/output/content/2025/footer.fragment
2025/2025-china-events-data.html,2025/2025-china-events-data.html,yes,merged,/Users/prashantdhingra/e/a3_output/happy-new-year.org/output/content/2025/footer.fragment
2025/2025-france-events-data.html,2025/2025-france-events-data.html,yes,merged,/Users/prashantdhingra/e/a3_output/happy-new-year.org/output/content/2025/footer.fragment
2025/india-2025-events.html,2025/india-2025-events.html,yes,merged,/Users/prashantdhingra/e/a3_output/happy-new-year.org/output/content/2025/footer.fragment
2025/2025-conflict-report.html,2025/2025-conflict-report.html,yes,merged,/Users/prashantdhingra/e/a3_output/happy-new-year.org/output/content/2025/footer.fragment
2025/2025-political-events.html,2025/2025-political-events.html,yes,merged,/Users/prashantdhingra/e/a3_output/happy-new-year.org/output/content/2025/footer.fragment
2025/new-year-digital-behavior-trends-report-2025.html,2025/new-year-digital-behavior-trends-report-2025.html,yes,merged,/Users/prashantdhingra/e/a3_output/happy-new-year.org/output/content/2025/footer.fragment
2025/2025-bangladesh-events-data.html,2025/2025-bangladesh-events-data.html,yes,merged,/Users/prashantdhingra/e/a3_output/happy-new-year.org/output/content/2025/footer.fragment
2025/2025-india-events-data.html,2025/2025-india-events-data.html,yes,merged,/Users/prashantdhingra/e/a3_output/happy-new-year.org/output/content/2025/footer.fragment
2025/2025-index.html,2025/2025-summary.html,yes,merged,/Users/prashantdhingra/e/a3_output/happy-new-year.org/output/content/2025/footer.fragment
2025/usa-2025-events.html,2025/usa-2025-events.html,yes,merged,/Users/prashantdhingra/e/a3_output/happy-new-year.org/output/content/2025/footer.fragment
western/beyond-sun-signs.htm,western/beyond-sun-signs.html,yes,merged,/Users/prashantdhingra/e/a3_output/happy-new-year.org/output/content/western/footer.fragment
western/compatibility-between-different-zodiac-signs.htm,western/compatibility-between-different-zodiac-signs.html,yes,merged,/Users/prashantdhingra/e/a3_output/happy-new-year.org/output/content/western/footer.fragment
western/zodiac/gemini.htm,western/zodiac/gemini.html,yes,merged,/Users/prashantdhingra/e/a3_output/happy-new-year.org/output/content/western/zodiac/footer.fragment
western/zodiac/aquarius.htm,western/zodiac/aquarius.html,yes,merged,/Users/prashantdhingra/e/a3_output/happy-new-year.org/output/content/western/zodiac/footer.fragment
western/zodiac/predictive-techniques.htm,western/zodiac/predictive-techniques.html,yes,merged,/Users/prashantdhingra/e/a3_output/happy-new-year.org/output/content/western/zodiac/footer.fragment
western/zodiac/rising-sign.htm,western/zodiac/rising-sign.html,yes,merged,/Users/prashantdhingra/e/a3_output/happy-new-year.org/output/content/western/zodiac/footer.fragment
western/zodiac/all.htm,western/zodiac/all.html,yes,merged,/Users/prashantdhingra/e/a3_output/happy-new-year.org/output/content/western/zodiac/footer.fragment
western/zodiac/shaow-transformation.htm,western/zodiac/shaow-transformation.html,yes,merged,/Users/prashantdhingra/e/a3_output/happy-new-year.org/output/content/western/zodiac/footer.fragment
western/zodiac/leo.htm,western/zodiac/leo.html,yes,merged,/Users/prashantdhingra/e/a3_output/happy-new-year.org/output/content/western/zodiac/footer.fragment
western/zodiac/planetry-aspects.htm,western/zodiac/planetry-aspects.html,yes,merged,/Users/prashantdhingra/e/a3_output/happy-new-year.org/output/content/western/zodiac/footer.fragment
western/zodiac/sagittarius.htm,western/zodiac/sagittarius.html,yes,merged,/Users/prashantdhingra/e/a3_output/happy-new-year.org/output/content/western/zodiac/footer.fragment
western/zodiac/aries.htm,western/zodiac/aries.html,yes,merged,/Users/prashantdhingra/e/a3_output/happy-new-year.org/output/content/western/zodiac/footer.fragment
western/zodiac/libra.htm,western/zodiac/libra.html,yes,merged,/Users/prashantdhingra/e/a3_output/happy-new-year.org/output/content/western/zodiac/footer.fragment
western/zodiac/pisces.htm,western/zodiac/pisces.html,yes,merged,/Users/prashantdhingra/e/a3_output/happy-new-year.org/output/content/western/zodiac/footer.fragment
western/zodiac/scorpio.htm,western/zodiac/scorpio.html,yes,merged,/Users/prashantdhingra/e/a3_output/happy-new-year.org/output/content/western/zodiac/footer.fragment
western/zodiac/taurus.htm,western/zodiac/taurus.html,yes,merged,/Users/prashantdhingra/e/a3_output/happy-new-year.org/output/content/western/zodiac/footer.fragment
western/zodiac/fixed-stars.htm,western/zodiac/fixed-stars.html,yes,merged,/Users/prashantdhingra/e/a3_output/happy-new-year.org/output/content/western/zodiac/footer.fragment
western/zodiac/virgo.htm,western/zodiac/virgo.html,yes,merged,/Users/prashantdhingra/e/a3_output/happy-new-year.org/output/content/western/zodiac/footer.fragment
western/zodiac/cancer.htm,western/zodiac/cancer.html,yes,merged,/Users/prashantdhingra/e/a3_output/happy-new-year.org/output/content/western/zodiac/footer.fragment
western/zodiac/sign-combinations.htm,western/zodiac/sign-combinations.html,yes,merged,/Users/prashantdhingra/e/a3_output/happy-new-year.org/output/content/western/zodiac/footer.fragment
western/zodiac/zodiac-greek-roman.htm,western/zodiac/zodiac-greek-roman.html,yes,merged,/Users/prashantdhingra/e/a3_output/happy-new-year.org/output/content/western/zodiac/footer.fragment
western/zodiac/capricorn.htm,western/zodiac/capricorn.html,yes,merged,/Users/prashantdhingra/e/a3_output/happy-new-year.org/output/content/western/zodiac/footer.fragment
2024/prediction.htm,2024/predictions.html,yes,merged,/Users/prashantdhingra/e/a3_output/happy-new-year.org/output/content/2024/footer.fragment
2024/first-quarter.htm,2024/first-quarter.html,yes,merged,/Users/prashantdhingra/e/a3_output/happy-new-year.org/output/content/2024/footer.fragment
2024/news.htm,2024/news.html,yes,merged,/Users/prashantdhingra/e/a3_output/happy-new-year.org/output/content/2024/footer.fragment
2024/oscar-award-movies.htm,2024/oscar-award-movies.html,yes,merged,/Users/prashantdhingra/e/a3_output/happy-new-year.org/output/content/2024/footer.fragment
2024/oscar-award-actors.htm,2024/oscar-award-actors.html,yes,merged,/Users/prashantdhingra/e/a3_output/happy-new-year.org/output/content/2024/footer.fragment
2024/main-news.htm,2024/index.html,yes,merged,/Users/prashantdhingra/e/a3_output/happy-new-year.org/output/content/2024/footer.fragment
2024/Mar/index.htm,2024/Mar/index.html,yes,merged,/Users/prashantdhingra/e/a3_output/happy-new-year.org/output/content/2024/Mar/footer.fragment
2024/Mar/news.htm,2024/Mar/index-2.html,yes,"collision, renamed to index-2.html",/Users/prashantdhingra/e/a3_output/happy-new-year.org/output/content/2024/Mar/footer.fragment
2024/2024-holiday-calendar/2024-holiday-calendar.htm,2024/2024-holiday-calendar/2024-holiday-calendar.html,yes,merged,/Users/prashantdhingra/e/a3_output/happy-new-year.org/output/content/2024/2024-holiday-calendar/footer.fragment
2024/Feb/news.htm,2024/Feb/index.html,yes,merged,/Users/prashantdhingra/e/a3_output/happy-new-year.org/output/content/2024/Feb/footer.fragment
2024/Aug/news.htm,2024/Aug/index.html,yes,merged,/Users/prashantdhingra/e/a3_output/happy-new-year.org/output/content/2024/Aug/footer.fragment
2024/Jan/index.htm,2024/Jan/index.html,yes,merged,/Users/prashantdhingra/e/a3_output/happy-new-year.org/output/content/2024/Jan/footer.fragment
2024/Jan/news.htm,2024/Jan/index-2.html,yes,"collision, renamed to index-2.html",/Users/prashantdhingra/e/a3_output/happy-new-year.org/output/content/2024/Jan/footer.fragment
2024/Sep/news.htm,2024/Sep/index.html,yes,merged,/Users/prashantdhingra/e/a3_output/happy-new-year.org/output/content/2024/Sep/footer.fragment
2024/Jul/news.htm,2024/Jul/index.html,yes,merged,/Users/prashantdhingra/e/a3_output/happy-new-year.org/output/content/2024/Jul/footer.fragment
2024/1/index.htm,2024/1/index.html,yes,merged,/Users/prashantdhingra/e/a3_output/happy-new-year.org/output/content/2024/1/footer.fragment
2024/Oct/halloween.htm,2024/Oct/halloween.html,yes,merged,/Users/prashantdhingra/e/a3_output/happy-new-year.org/output/content/2024/Oct/footer.fragment
2024/Oct/news.htm,2024/Oct/index.html,yes,merged,/Users/prashantdhingra/e/a3_output/happy-new-year.org/output/content/2024/Oct/footer.fragment
2024/May/nvidia-earnings-call-transcript.htm,2024/May/nvidia-earnings-call-transcript.html,yes,merged,/Users/prashantdhingra/e/a3_output/happy-new-year.org/output/content/2024/May/footer.fragment
2024/May/news.htm,2024/May/index.html,yes,merged,/Users/prashantdhingra/e/a3_output/happy-new-year.org/output/content/2024/May/footer.fragment
2024/May/news-ai.htm,2024/May/news-ai.html,yes,merged,/Users/prashantdhingra/e/a3_output/happy-new-year.org/output/content/2024/May/footer.fragment
2024/Apr/news.htm,2024/Apr/index.html,yes,merged,/Users/prashantdhingra/e/a3_output/happy-new-year.org/output/content/2024/Apr/footer.fragment
2024/Dec/news.htm,2024/Dec/index.html,yes,merged,/Users/prashantdhingra/e/a3_output/happy-new-year.org/output/content/2024/Dec/footer.fragment
2024/Nov/news.htm,2024/Nov/index.html,yes,merged,/Users/prashantdhingra/e/a3_output/happy-new-year.org/output/content/2024/Nov/footer.fragment
2024/Jun/news.htm,2024/Jun/index.html,yes,merged,/Users/prashantdhingra/e/a3_output/happy-new-year.org/output/content/2024/Jun/footer.fragment
2024/Jun/news-ai.htm,2024/Jun/news-ai.html,yes,merged,/Users/prashantdhingra/e/a3_output/happy-new-year.org/output/content/2024/Jun/footer.fragment
movie/Happy_New_Year_Photo.htm,movie/review.html,yes,merged,/Users/prashantdhingra/e/a3_output/happy-new-year.org/output/content/movie/footer.fragment
movie/pictures.htm,movie/pictures.htm,no,merged,/Users/prashantdhingra/e/a3_output/happy-new-year.org/output/content/movie/footer.fragment
2023/most-search-queries.htm,2023/most-search-queries.html,yes,merged,/Users/prashantdhingra/e/a3_output/happy-new-year.org/output/content/2023/footer.fragment
2023/2023-movies.htm,2023/2023-movies.html,yes,merged,/Users/prashantdhingra/e/a3_output/happy-new-year.org/output/content/2023/footer.fragment
2023/movies.htm,2023/movies.html,yes,merged,/Users/prashantdhingra/e/a3_output/happy-new-year.org/output/content/2023/footer.fragment
2023/news.htm,2023/index.html,yes,merged,/Users/prashantdhingra/e/a3_output/happy-new-year.org/output/content/2023/footer.fragment
2023/oscar-award-movies.htm,2023/oscar-award-movies.html,yes,merged,/Users/prashantdhingra/e/a3_output/happy-new-year.org/output/content/2023/footer.fragment
2023/nobel-prize.htm,2023/nobel-prize.html,yes,merged,/Users/prashantdhingra/e/a3_output/happy-new-year.org/output/content/2023/footer.fragment
2023/political-news.htm,2023/political-news.html,yes,merged,/Users/prashantdhingra/e/a3_output/happy-new-year.org/output/content/2023/footer.fragment
2023/oscar-award.htm,2023/oscar-award.html,yes,merged,/Users/prashantdhingra/e/a3_output/happy-new-year.org/output/content/2023/footer.fragment
2023/Mar/news.htm,2023/Mar/index.html,yes,merged,/Users/prashantdhingra/e/a3_output/happy-new-year.org/output/content/2023/Mar/footer.fragment
2023/Feb/news.htm,2023/Feb/index.html,yes,merged,/Users/prashantdhingra/e/a3_output/happy-new-year.org/output/content/2023/Feb/footer.fragment
2023/Aug/news.htm,2023/Aug/index.html,yes,merged,/Users/prashantdhingra/e/a3_output/happy-new-year.org/output/content/2023/Aug/footer.fragment
2023/Jan/news.htm,2023/Jan/index.html,yes,merged,/Users/prashantdhingra/e/a3_output/happy-new-year.org/output/content/2023/Jan/footer.fragment
2023/Sep/news.htm,2023/Sep/index.html,yes,merged,/Users/prashantdhingra/e/a3_output/happy-new-year.org/output/content/2023/Sep/footer.fragment
2023/Jul/news.htm,2023/Jul/index.html,yes,merged,/Users/prashantdhingra/e/a3_output/happy-new-year.org/output/content/2023/Jul/footer.fragment
2023/stocks/ipo.htm,2023/stocks/ipo.html,yes,merged,/Users/prashantdhingra/e/a3_output/happy-new-year.org/output/content/2023/stocks/footer.fragment
2023/Oct/news.htm,2023/Oct/index.html,yes,merged,/Users/prashantdhingra/e/a3_output/happy-new-year.org/output/content/2023/Oct/footer.fragment
2023/May/news.htm,2023/May/index.html,yes,merged,/Users/prashantdhingra/e/a3_output/happy-new-year.org/output/content/2023/May/footer.fragment
2023/Apr/news.htm,2023/Apr/index.html,yes,merged,/Users/prashantdhingra/e/a3_output/happy-new-year.org/output/content/2023/Apr/footer.fragment
2023/Dec/news.htm,2023/Dec/index.html,yes,merged,/Users/prashantdhingra/e/a3_output/happy-new-year.org/output/content/2023/Dec/footer.fragment
2023/Nov/news.htm,2023/Nov/index.html,yes,merged,/Users/prashantdhingra/e/a3_output/happy-new-year.org/output/content/2023/Nov/footer.fragment
2023/Jun/news.htm,2023/Jun/index.html,yes,merged,/Users/prashantdhingra/e/a3_output/happy-new-year.org/output/content/2023/Jun/footer.fragment
temp/new-year.htm,temp/index.html,yes,merged,/Users/prashantdhingra/e/a3_output/happy-new-year.org/output/content/temp/footer.fragment
2015/2015-news.htm,2015/2015-news.html,yes,merged,/Users/prashantdhingra/e/a3_output/happy-new-year.org/output/content/2015/footer.fragment
2015/2015-Hindu-Festival-dates.htm,2015/2015-hindu-festival-dates.html,yes,merged,/Users/prashantdhingra/e/a3_output/happy-new-year.org/output/content/2015/footer.fragment
2015/2015-best-car.htm,2015/2015-best-car.html,yes,merged,/Users/prashantdhingra/e/a3_output/happy-new-year.org/output/content/2015/footer.fragment
2015/top-movies.htm,2015/top-movies.html,yes,merged,/Users/prashantdhingra/e/a3_output/happy-new-year.org/output/content/2015/footer.fragment
2015/top-news.htm,2015/others.html,yes,merged,/Users/prashantdhingra/e/a3_output/happy-new-year.org/output/content/2015/footer.fragment
2015/top-cars.htm,2015/top-cars.html,yes,merged,/Users/prashantdhingra/e/a3_output/happy-new-year.org/output/content/2015/footer.fragment
2015/news.htm,2015/index.html,yes,merged,/Users/prashantdhingra/e/a3_output/happy-new-year.org/output/content/2015/footer.fragment
2015/top-gadgets.htm,2015/top-gadgets.html,yes,merged,/Users/prashantdhingra/e/a3_output/happy-new-year.org/output/content/2015/footer.fragment
2015/noble-prizes.htm,2015/noble-prizes.html,yes,merged,/Users/prashantdhingra/e/a3_output/happy-new-year.org/output/content/2015/footer.fragment
2015/2015-movies.htm,2015/2015-movies.html,yes,merged,/Users/prashantdhingra/e/a3_output/happy-new-year.org/output/content/2015/footer.fragment
2012/2012-oscar-awards.htm,2012/2012-oscar-awards.html,yes,merged,/Users/prashantdhingra/e/a3_output/happy-new-year.org/output/content/2012/footer.fragment
2012/2012-news.htm,2012/2012-news.html,yes,merged,/Users/prashantdhingra/e/a3_output/happy-new-year.org/output/content/2012/footer.fragment
2012/news.htm,2012/index.html,yes,merged,/Users/prashantdhingra/e/a3_output/happy-new-year.org/output/content/2012/footer.fragment
2012/2012-movies.htm,2012/2012-movies.html,yes,merged,/Users/prashantdhingra/e/a3_output/happy-new-year.org/output/content/2012/footer.fragment
messages/Diwali-4.htm,messages/diwali.html,yes,merged,/Users/prashantdhingra/e/a3_output/happy-new-year.org/output/content/messages/footer.fragment
messages/Valentineday-messages-4-.htm,messages/valentine-day.html,yes,merged,/Users/prashantdhingra/e/a3_output/happy-new-year.org/output/content/messages/footer.fragment
messages/Happy-new-year-4.htm,messages/messages-for-happy-new-year.html,yes,merged,/Users/prashantdhingra/e/a3_output/happy-new-year.org/output/content/messages/footer.fragment
messages/Happy-new-year-1.htm,messages/index.html,yes,merged,/Users/prashantdhingra/e/a3_output/happy-new-year.org/output/content/messages/footer.fragment
messages/fathers-day-4.htm,messages/fathers-day.html,yes,merged,/Users/prashantdhingra/e/a3_output/happy-new-year.org/output/content/messages/footer.fragment
messages/Halloween-4.htm,messages/halloween.html,yes,merged,/Users/prashantdhingra/e/a3_output/happy-new-year.org/output/content/messages/footer.fragment
messages/Chinese-new-year-4.htm,messages/chinese-new-year.html,yes,merged,/Users/prashantdhingra/e/a3_output/happy-new-year.org/output/content/messages/footer.fragment
messages/ThanksGiving-4.htm,messages/thanksgiving.html,yes,merged,/Users/prashantdhingra/e/a3_output/happy-new-year.org/output/content/messages/footer.fragment
messages/Easter.htm,messages/easter.html,yes,merged,/Users/prashantdhingra/e/a3_output/happy-new-year.org/output/content/messages/footer.fragment
messages/Christmas-4.htm,messages/christmas.html,yes,merged,/Users/prashantdhingra/e/a3_output/happy-new-year.org/output/content/messages/footer.fragment
messages/mothers-day-4.htm,messages/mothers-day.html,yes,merged,/Users/prashantdhingra/e/a3_output/happy-new-year.org/output/content/messages/footer.fragment
messages/Holi-4.htm,messages/holi.html,yes,merged,/Users/prashantdhingra/e/a3_output/happy-new-year.org/output/content/messages/footer.fragment
balinese/index.htm,balinese/index.html,yes,merged,/Users/prashantdhingra/e/a3_output/happy-new-year.org/output/content/balinese/footer.fragment
noble-prize/history-of-noble-prize-in-physics.html,noble-prize/history-of-noble-prize-in-physics.html,yes,merged,/Users/prashantdhingra/e/a3_output/happy-new-year.org/output/content/noble-prize/footer.fragment
noble-prize/history-of-noble-prize-in-literature.html,noble-prize/history-of-noble-prize-in-literature.html,yes,merged,/Users/prashantdhingra/e/a3_output/happy-new-year.org/output/content/noble-prize/footer.fragment
noble-prize/history-of-nobile-prize-chemistry.html,noble-prize/history-of-nobile-prize-chemistry.html,yes,merged,/Users/prashantdhingra/e/a3_output/happy-new-year.org/output/content/noble-prize/footer.fragment
noble-prize/history-of-noble-prize-in-literature.htm,noble-prize/history-of-noble-prize-in-literature-2.html,yes,"collision, renamed to history-of-noble-prize-in-literature-2.html",/Users/prashantdhingra/e/a3_output/happy-new-year.org/output/content/noble-prize/footer.fragment
noble-prize/history-of-economic-noble-prize-3.html,noble-prize/history-of-economic-noble-prize.html,yes,merged,/Users/prashantdhingra/e/a3_output/happy-new-year.org/output/content/noble-prize/footer.fragment
noble-prize/history-of-noble-prize-chemistry.html,noble-prize/history-of-noble-prize-chemistry.html,yes,merged,/Users/prashantdhingra/e/a3_output/happy-new-year.org/output/content/noble-prize/footer.fragment
noble-prize/history-of-noble-price-physics.html,noble-prize/history-of-noble-price-physics.html,yes,merged,/Users/prashantdhingra/e/a3_output/happy-new-year.org/output/content/noble-prize/footer.fragment
noble-prize/historyof-noble-prize-in-physics.htm,noble-prize/historyof-noble-prize-in-physics.html,yes,merged,/Users/prashantdhingra/e/a3_output/happy-new-year.org/output/content/noble-prize/footer.fragment
noble-prize/history-of-noble-peace-prize.htm,noble-prize/history-of-noble-peace-prize.html,yes,merged,/Users/prashantdhingra/e/a3_output/happy-new-year.org/output/content/noble-prize/footer.fragment
noble-prize/history-of-economic-noble-prize.htm,noble-prize/history-of-economic-noble-prize-2.html,yes,"collision, renamed to history-of-economic-noble-prize-2.html",/Users/prashantdhingra/e/a3_output/happy-new-year.org/output/content/noble-prize/footer.fragment
noble-prize/history-of-economic-noble-prize-2.htm,noble-prize/history-of-economic-noble-prize-2-2.html,yes,"collision, renamed to history-of-economic-noble-prize-2-2.html",/Users/prashantdhingra/e/a3_output/happy-new-year.org/output/content/noble-prize/footer.fragment
noble-prize/history-of-economic-noble-prize-3.htm,noble-prize/history-of-economic-noble-prize-3.html,yes,"collision, renamed to history-of-economic-noble-prize-3.html",/Users/prashantdhingra/e/a3_output/happy-new-year.org/output/content/noble-prize/footer.fragment
noble-prize/history-of-noble-peace-prize.html,noble-prize/history-of-noble-peace-prize-2.html,yes,"collision, renamed to history-of-noble-peace-prize-2.html",/Users/prashantdhingra/e/a3_output/happy-new-year.org/output/content/noble-prize/footer.fragment
noble-prize/history-of-noble-price-physics.htm,noble-prize/history-of-noble-price-physics-2.html,yes,"collision, renamed to history-of-noble-price-physics-2.html",/Users/prashantdhingra/e/a3_output/happy-new-year.org/output/content/noble-prize/footer.fragment
noble-prize/history-of-nobile-prize-chemistry.htm,noble-prize/history-of-nobile-prize-chemistry-2.html,yes,"collision, renamed to history-of-nobile-prize-chemistry-2.html",/Users/prashantdhingra/e/a3_output/happy-new-year.org/output/content/noble-prize/footer.fragment
noble-prize/noble-prizes-history-index.html,noble-prize/index.html,yes,merged,/Users/prashantdhingra/e/a3_output/happy-new-year.org/output/content/noble-prize/footer.fragment
noble-prize/noble-prizes-history-index.htm,noble-prize/index-2.html,yes,"collision, renamed to index-2.html",/Users/prashantdhingra/e/a3_output/happy-new-year.org/output/content/noble-prize/footer.fragment
noble-prize/hisoty-of-noble-peace-prize.htm,noble-prize/hisoty-of-noble-peace-prize.html,yes,merged,/Users/prashantdhingra/e/a3_output/happy-new-year.org/output/content/noble-prize/footer.fragment
beauty-competition/common.htm,beauty-competition/index.html,yes,merged,/Users/prashantdhingra/e/a3_output/happy-new-year.org/output/content/beauty-competition/footer.fragment
marwari/index.htm,marwari/index.html,yes,merged,/Users/prashantdhingra/e/a3_output/happy-new-year.org/output/content/marwari/footer.fragment
buddhist/index.htm,buddhist/index.html,yes,merged,/Users/prashantdhingra/e/a3_output/happy-new-year.org/output/content/buddhist/footer.fragment
css/related-articles-json-install-snippet.html,css/related-articles-json-install-snippet.html,yes,merged,/Users/prashantdhingra/e/a3_output/happy-new-year.org/output/content/css/footer.fragment
hindu/index.htm,hindu/index.html,yes,merged,/Users/prashantdhingra/e/a3_output/happy-new-year.org/output/content/hindu/footer.fragment
thai/index.htm,thai/index.html,yes,merged,/Users/prashantdhingra/e/a3_output/happy-new-year.org/output/content/thai/footer.fragment
in/Slide69.png.htm,in/Slide69.png.htm,no,merged,/Users/prashantdhingra/e/a3_output/happy-new-year.org/output/content/in/footer.fragment
in/Slide13.htm,in/Slide13.htm,no,merged,/Users/prashantdhingra/e/a3_output/happy-new-year.org/output/content/in/footer.fragment
in/Slide12.htm,in/Slide12.htm,no,merged,/Users/prashantdhingra/e/a3_output/happy-new-year.org/output/content/in/footer.fragment
in/Slide38.htm,in/Slide38.htm,no,merged,/Users/prashantdhingra/e/a3_output/happy-new-year.org/output/content/in/footer.fragment
in/Slide10.htm,in/Slide10.htm,no,merged,/Users/prashantdhingra/e/a3_output/happy-new-year.org/output/content/in/footer.fragment
in/Slide11.htm,in/Slide11.htm,no,merged,/Users/prashantdhingra/e/a3_output/happy-new-year.org/output/content/in/footer.fragment
in/Slide39.htm,in/Slide39.htm,no,merged,/Users/prashantdhingra/e/a3_output/happy-new-year.org/output/content/in/footer.fragment
in/Slide15.htm,in/Slide15.htm,no,merged,/Users/prashantdhingra/e/a3_output/happy-new-year.org/output/content/in/footer.fragment
in/Slide29.htm,in/Slide29.htm,no,merged,/Users/prashantdhingra/e/a3_output/happy-new-year.org/output/content/in/footer.fragment
in/european-2026-wishes.html,in/european-2026-wishes.html,yes,merged,/Users/prashantdhingra/e/a3_output/happy-new-year.org/output/content/in/footer.fragment
in/Slide28.htm,in/Slide28.htm,no,merged,/Users/prashantdhingra/e/a3_output/happy-new-year.org/output/content/in/footer.fragment
in/Slide14.htm,in/Slide14.htm,no,merged,/Users/prashantdhingra/e/a3_output/happy-new-year.org/output/content/in/footer.fragment
in/Slide16.htm,in/Slide16.htm,no,merged,/Users/prashantdhingra/e/a3_output/happy-new-year.org/output/content/in/footer.fragment
in/Slide17.htm,in/Slide17.htm,no,merged,/Users/prashantdhingra/e/a3_output/happy-new-year.org/output/content/in/footer.fragment
in/Slide6.htm,in/Slide6.htm,no,merged,/Users/prashantdhingra/e/a3_output/happy-new-year.org/output/content/in/footer.fragment
in/Slide122.htm,in/Slide122.htm,no,merged,/Users/prashantdhingra/e/a3_output/happy-new-year.org/output/content/in/footer.fragment
in/Slide58.htm,in/Slide58.htm,no,merged,/Users/prashantdhingra/e/a3_output/happy-new-year.org/output/content/in/footer.fragment
in/Slide64.htm,in/Slide64.htm,no,merged,/Users/prashantdhingra/e/a3_output/happy-new-year.org/output/content/in/footer.fragment
in/Slide70.htm,in/Slide70.htm,no,merged,/Users/prashantdhingra/e/a3_output/happy-new-year.org/output/content/in/footer.fragment
in/Slide71.htm,in/Slide71.htm,no,merged,/Users/prashantdhingra/e/a3_output/happy-new-year.org/output/content/in/footer.fragment
in/Slide65.htm,in/Slide65.htm,no,merged,/Users/prashantdhingra/e/a3_output/happy-new-year.org/output/content/in/footer.fragment
in/Slide59.htm,in/Slide59.htm,no,merged,/Users/prashantdhingra/e/a3_output/happy-new-year.org/output/content/in/footer.fragment
in/happy-new-year-wishes-in-multiple-languages.html,in/happy-new-year-wishes-in-multiple-languages.html,yes,merged,/Users/prashantdhingra/e/a3_output/happy-new-year.org/output/content/in/footer.fragment
in/Slide123.htm,in/Slide123.htm,no,merged,/Users/prashantdhingra/e/a3_output/happy-new-year.org/output/content/in/footer.fragment
in/Slide7.htm,in/Slide7.htm,no,merged,/Users/prashantdhingra/e/a3_output/happy-new-year.org/output/content/in/footer.fragment
in/Slide109.htm,in/Slide109.htm,no,merged,/Users/prashantdhingra/e/a3_output/happy-new-year.org/output/content/in/footer.fragment
in/Slide5.htm,in/Slide5.htm,no,merged,/Users/prashantdhingra/e/a3_output/happy-new-year.org/output/content/in/footer.fragment
in/Slide121.htm,in/Slide121.htm,no,merged,/Users/prashantdhingra/e/a3_output/happy-new-year.org/output/content/in/footer.fragment
in/Slide98.htm,in/Slide98.htm,no,merged,/Users/prashantdhingra/e/a3_output/happy-new-year.org/output/content/in/footer.fragment
in/Slide73.htm,in/Slide73.htm,no,merged,/Users/prashantdhingra/e/a3_output/happy-new-year.org/output/content/in/footer.fragment
in/Slide67.htm,in/Slide67.htm,no,merged,/Users/prashantdhingra/e/a3_output/happy-new-year.org/output/content/in/footer.fragment
in/Slide66.htm,in/Slide66.htm,no,merged,/Users/prashantdhingra/e/a3_output/happy-new-year.org/output/content/in/footer.fragment
in/Slide72.htm,in/Slide72.htm,no,merged,/Users/prashantdhingra/e/a3_output/happy-new-year.org/output/content/in/footer.fragment
in/gujarati.htm,in/gujarati.html,yes,merged,/Users/prashantdhingra/e/a3_output/happy-new-year.org/output/content/in/footer.fragment
in/Slide99.htm,in/Slide99.htm,no,merged,/Users/prashantdhingra/e/a3_output/happy-new-year.org/output/content/in/footer.fragment
in/Slide120.htm,in/Slide120.htm,no,merged,/Users/prashantdhingra/e/a3_output/happy-new-year.org/output/content/in/footer.fragment
in/Slide108.htm,in/Slide108.htm,no,merged,/Users/prashantdhingra/e/a3_output/happy-new-year.org/output/content/in/footer.fragment
in/Slide4.htm,in/Slide4.htm,no,merged,/Users/prashantdhingra/e/a3_output/happy-new-year.org/output/content/in/footer.fragment
in/Slide124.htm,in/Slide124.htm,no,merged,/Users/prashantdhingra/e/a3_output/happy-new-year.org/output/content/in/footer.fragment
in/Slide130.htm,in/Slide130.htm,no,merged,/Users/prashantdhingra/e/a3_output/happy-new-year.org/output/content/in/footer.fragment
in/Slide118.htm,in/Slide118.htm,no,merged,/Users/prashantdhingra/e/a3_output/happy-new-year.org/output/content/in/footer.fragment
in/happy-new-year-in-100-languages.html,in/index.html,yes,merged,/Users/prashantdhingra/e/a3_output/happy-new-year.org/output/content/in/footer.fragment
in/different-new-year.html,in/different-new-year.html,yes,merged,/Users/prashantdhingra/e/a3_output/happy-new-year.org/output/content/in/footer.fragment
in/Slide89.htm,in/Slide89.htm,no,merged,/Users/prashantdhingra/e/a3_output/happy-new-year.org/output/content/in/footer.fragment
in/Slide76.htm,in/Slide76.htm,no,merged,/Users/prashantdhingra/e/a3_output/happy-new-year.org/output/content/in/footer.fragment
in/Slide62.htm,in/Slide62.htm,no,merged,/Users/prashantdhingra/e/a3_output/happy-new-year.org/output/content/in/footer.fragment
in/hindi.htm,in/hindi.html,yes,merged,/Users/prashantdhingra/e/a3_output/happy-new-year.org/output/content/in/footer.fragment
in/Slide63.htm,in/Slide63.htm,no,merged,/Users/prashantdhingra/e/a3_output/happy-new-year.org/output/content/in/footer.fragment
in/Slide77.htm,in/Slide77.htm,no,merged,/Users/prashantdhingra/e/a3_output/happy-new-year.org/output/content/in/footer.fragment
in/Slide88.htm,in/Slide88.htm,no,merged,/Users/prashantdhingra/e/a3_output/happy-new-year.org/output/content/in/footer.fragment
in/Slide1.htm,in/Slide1.htm,no,merged,/Users/prashantdhingra/e/a3_output/happy-new-year.org/output/content/in/footer.fragment
in/Slide119.htm,in/Slide119.htm,no,merged,/Users/prashantdhingra/e/a3_output/happy-new-year.org/output/content/in/footer.fragment
in/Slide125.htm,in/Slide125.htm,no,merged,/Users/prashantdhingra/e/a3_output/happy-new-year.org/output/content/in/footer.fragment
in/Slide127.htm,in/Slide127.htm,no,merged,/Users/prashantdhingra/e/a3_output/happy-new-year.org/output/content/in/footer.fragment
in/Slide3.htm,in/Slide3.htm,no,merged,/Users/prashantdhingra/e/a3_output/happy-new-year.org/output/content/in/footer.fragment
in/rajasthani.htm,in/rajasthani.html,yes,merged,/Users/prashantdhingra/e/a3_output/happy-new-year.org/output/content/in/footer.fragment
in/Slide61.htm,in/Slide61.htm,no,merged,/Users/prashantdhingra/e/a3_output/happy-new-year.org/output/content/in/footer.fragment
in/Slide75.htm,in/Slide75.htm,no,merged,/Users/prashantdhingra/e/a3_output/happy-new-year.org/output/content/in/footer.fragment
in/Slide49.htm,in/Slide49.htm,no,merged,/Users/prashantdhingra/e/a3_output/happy-new-year.org/output/content/in/footer.fragment
in/Slide48.htm,in/Slide48.htm,no,merged,/Users/prashantdhingra/e/a3_output/happy-new-year.org/output/content/in/footer.fragment
in/Slide74.htm,in/Slide74.htm,no,merged,/Users/prashantdhingra/e/a3_output/happy-new-year.org/output/content/in/footer.fragment
in/Slide60.htm,in/Slide60.htm,no,merged,/Users/prashantdhingra/e/a3_output/happy-new-year.org/output/content/in/footer.fragment
in/Slide2.htm,in/Slide2.htm,no,merged,/Users/prashantdhingra/e/a3_output/happy-new-year.org/output/content/in/footer.fragment
in/Slide126.htm,in/Slide126.htm,no,merged,/Users/prashantdhingra/e/a3_output/happy-new-year.org/output/content/in/footer.fragment
in/Slide117.htm,in/Slide117.htm,no,merged,/Users/prashantdhingra/e/a3_output/happy-new-year.org/output/content/in/footer.fragment
in/Slide103.htm,in/Slide103.htm,no,merged,/Users/prashantdhingra/e/a3_output/happy-new-year.org/output/content/in/footer.fragment
in/Slide86.htm,in/Slide86.htm,no,merged,/Users/prashantdhingra/e/a3_output/happy-new-year.org/output/content/in/footer.fragment
in/Slide92.htm,in/Slide92.htm,no,merged,/Users/prashantdhingra/e/a3_output/happy-new-year.org/output/content/in/footer.fragment
in/Slide79.htm,in/Slide79.htm,no,merged,/Users/prashantdhingra/e/a3_output/happy-new-year.org/output/content/in/footer.fragment
in/Slide45.htm,in/Slide45.htm,no,merged,/Users/prashantdhingra/e/a3_output/happy-new-year.org/output/content/in/footer.fragment
in/Slide51.htm,in/Slide51.htm,no,merged,/Users/prashantdhingra/e/a3_output/happy-new-year.org/output/content/in/footer.fragment
in/Slide50.htm,in/Slide50.htm,no,merged,/Users/prashantdhingra/e/a3_output/happy-new-year.org/output/content/in/footer.fragment
in/Slide44.htm,in/Slide44.htm,no,merged,/Users/prashantdhingra/e/a3_output/happy-new-year.org/output/content/in/footer.fragment
in/Slide78.htm,in/Slide78.htm,no,merged,/Users/prashantdhingra/e/a3_output/happy-new-year.org/output/content/in/footer.fragment
in/Slide93.htm,in/Slide93.htm,no,merged,/Users/prashantdhingra/e/a3_output/happy-new-year.org/output/content/in/footer.fragment
in/Slide87.htm,in/Slide87.htm,no,merged,/Users/prashantdhingra/e/a3_output/happy-new-year.org/output/content/in/footer.fragment
in/Slide102.htm,in/Slide102.htm,no,merged,/Users/prashantdhingra/e/a3_output/happy-new-year.org/output/content/in/footer.fragment
in/Slide116.htm,in/Slide116.htm,no,merged,/Users/prashantdhingra/e/a3_output/happy-new-year.org/output/content/in/footer.fragment
in/Slide128.htm,in/Slide128.htm,no,merged,/Users/prashantdhingra/e/a3_output/happy-new-year.org/output/content/in/footer.fragment
in/Slide100.htm,in/Slide100.htm,no,merged,/Users/prashantdhingra/e/a3_output/happy-new-year.org/output/content/in/footer.fragment
in/Slide114.htm,in/Slide114.htm,no,merged,/Users/prashantdhingra/e/a3_output/happy-new-year.org/output/content/in/footer.fragment
in/Slide91.htm,in/Slide91.htm,no,merged,/Users/prashantdhingra/e/a3_output/happy-new-year.org/output/content/in/footer.fragment
in/Slide85.htm,in/Slide85.htm,no,merged,/Users/prashantdhingra/e/a3_output/happy-new-year.org/output/content/in/footer.fragment
in/Slide52.htm,in/Slide52.htm,no,merged,/Users/prashantdhingra/e/a3_output/happy-new-year.org/output/content/in/footer.fragment
in/Slide46.htm,in/Slide46.htm,no,merged,/Users/prashantdhingra/e/a3_output/happy-new-year.org/output/content/in/footer.fragment
in/Slide 3.htm,in/slide-3.html,yes,merged,/Users/prashantdhingra/e/a3_output/happy-new-year.org/output/content/in/footer.fragment
in/Slide47.htm,in/Slide47.htm,no,merged,/Users/prashantdhingra/e/a3_output/happy-new-year.org/output/content/in/footer.fragment
in/Slide53.htm,in/Slide53.htm,no,merged,/Users/prashantdhingra/e/a3_output/happy-new-year.org/output/content/in/footer.fragment
in/Slide84.htm,in/Slide84.htm,no,merged,/Users/prashantdhingra/e/a3_output/happy-new-year.org/output/content/in/footer.fragment
in/Slide90.htm,in/Slide90.htm,no,merged,/Users/prashantdhingra/e/a3_output/happy-new-year.org/output/content/in/footer.fragment
in/Slide115.htm,in/Slide115.htm,no,merged,/Users/prashantdhingra/e/a3_output/happy-new-year.org/output/content/in/footer.fragment
in/Slide101.htm,in/Slide101.htm,no,merged,/Users/prashantdhingra/e/a3_output/happy-new-year.org/output/content/in/footer.fragment
in/Slide129.htm,in/Slide129.htm,no,merged,/Users/prashantdhingra/e/a3_output/happy-new-year.org/output/content/in/footer.fragment
in/Slide105.htm,in/Slide105.htm,no,merged,/Users/prashantdhingra/e/a3_output/happy-new-year.org/output/content/in/footer.fragment
in/Slide9.htm,in/Slide9.htm,no,merged,/Users/prashantdhingra/e/a3_output/happy-new-year.org/output/content/in/footer.fragment
in/Slide111.htm,in/Slide111.htm,no,merged,/Users/prashantdhingra/e/a3_output/happy-new-year.org/output/content/in/footer.fragment
in/different-languages.htm,in/different-languages.html,yes,merged,/Users/prashantdhingra/e/a3_output/happy-new-year.org/output/content/in/footer.fragment
in/pictures.htm,in/pictures.htm,no,merged,/Users/prashantdhingra/e/a3_output/happy-new-year.org/output/content/in/footer.fragment
in/Slide94.htm,in/Slide94.htm,no,merged,/Users/prashantdhingra/e/a3_output/happy-new-year.org/output/content/in/footer.fragment
in/Slide80.htm,in/Slide80.htm,no,merged,/Users/prashantdhingra/e/a3_output/happy-new-year.org/output/content/in/footer.fragment
in/Slide57.htm,in/Slide57.htm,no,merged,/Users/prashantdhingra/e/a3_output/happy-new-year.org/output/content/in/footer.fragment
in/Slide43.htm,in/Slide43.htm,no,merged,/Users/prashantdhingra/e/a3_output/happy-new-year.org/output/content/in/footer.fragment
in/Slide42.htm,in/Slide42.htm,no,merged,/Users/prashantdhingra/e/a3_output/happy-new-year.org/output/content/in/footer.fragment
in/Slide108.png.htm,in/Slide108.png.htm,no,merged,/Users/prashantdhingra/e/a3_output/happy-new-year.org/output/content/in/footer.fragment
in/Slide56.htm,in/Slide56.htm,no,merged,/Users/prashantdhingra/e/a3_output/happy-new-year.org/output/content/in/footer.fragment
in/Slide81.htm,in/Slide81.htm,no,merged,/Users/prashantdhingra/e/a3_output/happy-new-year.org/output/content/in/footer.fragment
in/Slide95.htm,in/Slide95.htm,no,merged,/Users/prashantdhingra/e/a3_output/happy-new-year.org/output/content/in/footer.fragment
in/Slide110.htm,in/Slide110.htm,no,merged,/Users/prashantdhingra/e/a3_output/happy-new-year.org/output/content/in/footer.fragment
in/Slide104.htm,in/Slide104.htm,no,merged,/Users/prashantdhingra/e/a3_output/happy-new-year.org/output/content/in/footer.fragment
in/Slide8.htm,in/Slide8.htm,no,merged,/Users/prashantdhingra/e/a3_output/happy-new-year.org/output/content/in/footer.fragment
in/Slide112.htm,in/Slide112.htm,no,merged,/Users/prashantdhingra/e/a3_output/happy-new-year.org/output/content/in/footer.fragment
in/Slide106.htm,in/Slide106.htm,no,merged,/Users/prashantdhingra/e/a3_output/happy-new-year.org/output/content/in/footer.fragment
in/Slide83.htm,in/Slide83.htm,no,merged,/Users/prashantdhingra/e/a3_output/happy-new-year.org/output/content/in/footer.fragment
in/Slide97.htm,in/Slide97.htm,no,merged,/Users/prashantdhingra/e/a3_output/happy-new-year.org/output/content/in/footer.fragment
in/Slide40.htm,in/Slide40.htm,no,merged,/Users/prashantdhingra/e/a3_output/happy-new-year.org/output/content/in/footer.fragment
in/Slide54.htm,in/Slide54.htm,no,merged,/Users/prashantdhingra/e/a3_output/happy-new-year.org/output/content/in/footer.fragment
in/Slide68.htm,in/Slide68.htm,no,merged,/Users/prashantdhingra/e/a3_output/happy-new-year.org/output/content/in/footer.fragment
in/Slide69.htm,in/Slide69.htm,no,merged,/Users/prashantdhingra/e/a3_output/happy-new-year.org/output/content/in/footer.fragment
in/Slide55.htm,in/Slide55.htm,no,merged,/Users/prashantdhingra/e/a3_output/happy-new-year.org/output/content/in/footer.fragment
in/Slide41.htm,in/Slide41.htm,no,merged,/Users/prashantdhingra/e/a3_output/happy-new-year.org/output/content/in/footer.fragment
in/Slide96.htm,in/Slide96.htm,no,merged,/Users/prashantdhingra/e/a3_output/happy-new-year.org/output/content/in/footer.fragment
in/Slide82.htm,in/Slide82.htm,no,merged,/Users/prashantdhingra/e/a3_output/happy-new-year.org/output/content/in/footer.fragment
in/gen.htm,in/gen.htm,no,merged,/Users/prashantdhingra/e/a3_output/happy-new-year.org/output/content/in/footer.fragment
in/Slide107.htm,in/Slide107.htm,no,merged,/Users/prashantdhingra/e/a3_output/happy-new-year.org/output/content/in/footer.fragment
in/Slide113.htm,in/Slide113.htm,no,merged,/Users/prashantdhingra/e/a3_output/happy-new-year.org/output/content/in/footer.fragment
in/Slide26.htm,in/Slide26.htm,no,merged,/Users/prashantdhingra/e/a3_output/happy-new-year.org/output/content/in/footer.fragment
in/Slide32.htm,in/Slide32.htm,no,merged,/Users/prashantdhingra/e/a3_output/happy-new-year.org/output/content/in/footer.fragment
in/Slide33.htm,in/Slide33.htm,no,merged,/Users/prashantdhingra/e/a3_output/happy-new-year.org/output/content/in/footer.fragment
in/Slide27.htm,in/Slide27.htm,no,merged,/Users/prashantdhingra/e/a3_output/happy-new-year.org/output/content/in/footer.fragment
in/new-year-wishes-in-indian-languages.html,in/new-year-wishes-in-indian-languages.html,yes,merged,/Users/prashantdhingra/e/a3_output/happy-new-year.org/output/content/in/footer.fragment
in/different-new-year-images.html,in/different-new-year-images.html,yes,merged,/Users/prashantdhingra/e/a3_output/happy-new-year.org/output/content/in/footer.fragment
in/Slide19.htm,in/Slide19.htm,no,merged,/Users/prashantdhingra/e/a3_output/happy-new-year.org/output/content/in/footer.fragment
in/new-year-in-70-languages.html,in/new-year-in-70-languages.html,yes,merged,/Users/prashantdhingra/e/a3_output/happy-new-year.org/output/content/in/footer.fragment
in/Slide31.htm,in/Slide31.htm,no,merged,/Users/prashantdhingra/e/a3_output/happy-new-year.org/output/content/in/footer.fragment
in/Slide25.htm,in/Slide25.htm,no,merged,/Users/prashantdhingra/e/a3_output/happy-new-year.org/output/content/in/footer.fragment
in/Slide24.htm,in/Slide24.htm,no,merged,/Users/prashantdhingra/e/a3_output/happy-new-year.org/output/content/in/footer.fragment
in/Slide30.htm,in/Slide30.htm,no,merged,/Users/prashantdhingra/e/a3_output/happy-new-year.org/output/content/in/footer.fragment
in/Slide18.htm,in/Slide18.htm,no,merged,/Users/prashantdhingra/e/a3_output/happy-new-year.org/output/content/in/footer.fragment
in/Slide64.png.htm,in/Slide64.png.htm,no,merged,/Users/prashantdhingra/e/a3_output/happy-new-year.org/output/content/in/footer.fragment
in/Slide34.htm,in/Slide34.htm,no,merged,/Users/prashantdhingra/e/a3_output/happy-new-year.org/output/content/in/footer.fragment
in/Slide20.htm,in/Slide20.htm,no,merged,/Users/prashantdhingra/e/a3_output/happy-new-year.org/output/content/in/footer.fragment
in/happy-new-year-in-90-languages.html,in/happy-new-year-in-90-languages.html,yes,merged,/Users/prashantdhingra/e/a3_output/happy-new-year.org/output/content/in/footer.fragment
in/spanish.htm,in/spanish.html,yes,merged,/Users/prashantdhingra/e/a3_output/happy-new-year.org/output/content/in/footer.fragment
in/Slide21.htm,in/Slide21.htm,no,merged,/Users/prashantdhingra/e/a3_output/happy-new-year.org/output/content/in/footer.fragment
in/Slide35.htm,in/Slide35.htm,no,merged,/Users/prashantdhingra/e/a3_output/happy-new-year.org/output/content/in/footer.fragment
in/Slide23.htm,in/Slide23.htm,no,merged,/Users/prashantdhingra/e/a3_output/happy-new-year.org/output/content/in/footer.fragment
in/Slide37.htm,in/Slide37.htm,no,merged,/Users/prashantdhingra/e/a3_output/happy-new-year.org/output/content/in/footer.fragment
in/Slide124.png.htm,in/Slide124.png.htm,no,merged,/Users/prashantdhingra/e/a3_output/happy-new-year.org/output/content/in/footer.fragment
in/Slide36.htm,in/Slide36.htm,no,merged,/Users/prashantdhingra/e/a3_output/happy-new-year.org/output/content/in/footer.fragment
in/Slide22.htm,in/Slide22.htm,no,merged,/Users/prashantdhingra/e/a3_output/happy-new-year.org/output/content/in/footer.fragment
in/happy-new-year-wishes/happy-new-year-wishes.htm,in/happy-new-year-wishes/happy-new-year-wishes.html,yes,merged,/Users/prashantdhingra/e/a3_output/happy-new-year.org/output/content/in/happy-new-year-wishes/footer.fragment
in/languages/zulu.htm,in/languages/zulu.html,yes,merged,/Users/prashantdhingra/e/a3_output/happy-new-year.org/output/content/in/languages/footer.fragment
in/languages/Tatar.htm,in/languages/tatar.html,yes,merged,/Users/prashantdhingra/e/a3_output/happy-new-year.org/output/content/in/languages/footer.fragment
in/languages/Tajik.htm,in/languages/tajik.html,yes,merged,/Users/prashantdhingra/e/a3_output/happy-new-year.org/output/content/in/languages/footer.fragment
in/languages/YORUBA.htm,in/languages/yoruba.html,yes,merged,/Users/prashantdhingra/e/a3_output/happy-new-year.org/output/content/in/languages/footer.fragment
in/languages/TAHITIAN.htm,in/languages/tahitian.html,yes,merged,/Users/prashantdhingra/e/a3_output/happy-new-year.org/output/content/in/languages/footer.fragment
in/languages/TIBETAN.htm,in/languages/tibetan.html,yes,merged,/Users/prashantdhingra/e/a3_output/happy-new-year.org/output/content/in/languages/footer.fragment
in/languages/TSHILUBA.htm,in/languages/tshiluba.html,yes,merged,/Users/prashantdhingra/e/a3_output/happy-new-year.org/output/content/in/languages/footer.fragment
in/languages/TSWANA.htm,in/languages/tswana.html,yes,merged,/Users/prashantdhingra/e/a3_output/happy-new-year.org/output/content/in/languages/footer.fragment
in/languages/TULU.htm,in/languages/tulu.html,yes,merged,/Users/prashantdhingra/e/a3_output/happy-new-year.org/output/content/in/languages/footer.fragment
in/languages/tamil.htm,in/languages/tamil.html,yes,merged,/Users/prashantdhingra/e/a3_output/happy-new-year.org/output/content/in/languages/footer.fragment
in/languages/telgu.htm,in/languages/telgu.htm,no,merged,/Users/prashantdhingra/e/a3_output/happy-new-year.org/output/content/in/languages/footer.fragment
in/languages/TAGALOG.htm,in/languages/tagalog.html,yes,merged,/Users/prashantdhingra/e/a3_output/happy-new-year.org/output/content/in/languages/footer.fragment
in/languages/XHOSA.htm,in/languages/xhosa.html,yes,merged,/Users/prashantdhingra/e/a3_output/happy-new-year.org/output/content/in/languages/footer.fragment
in/languages/urdu.htm,in/languages/urdu.html,yes,merged,/Users/prashantdhingra/e/a3_output/happy-new-year.org/output/content/in/languages/footer.fragment
in/languages/uzbek.htm,in/languages/uzbek.html,yes,merged,/Users/prashantdhingra/e/a3_output/happy-new-year.org/output/content/in/languages/footer.fragment
in/languages/UDMURT.htm,in/languages/udmurt.html,yes,merged,/Users/prashantdhingra/e/a3_output/happy-new-year.org/output/content/in/languages/footer.fragment
in/languages/somali.htm,in/languages/somali.html,yes,merged,/Users/prashantdhingra/e/a3_output/happy-new-year.org/output/content/in/languages/footer.fragment
in/languages/YIDDISH.htm,in/languages/yiddish.html,yes,merged,/Users/prashantdhingra/e/a3_output/happy-new-year.org/output/content/in/languages/footer.fragment
in/languages/west indian creole.htm,in/languages/west-indian-creole.html,yes,merged,/Users/prashantdhingra/e/a3_output/happy-new-year.org/output/content/in/languages/footer.fragment
in/languages/kannada.htm,in/languages/kannada.htm,no,merged,/Users/prashantdhingra/e/a3_output/happy-new-year.org/output/content/in/languages/footer.fragment
in/languages/vietnamese.htm,in/languages/vietnamese.html,yes,merged,/Users/prashantdhingra/e/a3_output/happy-new-year.org/output/content/in/languages/footer.fragment
in/languages/punjabi.htm,in/languages/punjabi.htm,no,merged,/Users/prashantdhingra/e/a3_output/happy-new-year.org/output/content/in/languages/footer.fragment
in/languages/Swahili.htm,in/languages/swahili.html,yes,merged,/Users/prashantdhingra/e/a3_output/happy-new-year.org/output/content/in/languages/footer.fragment
in/languages/malyalam.htm,in/languages/malyalam.htm,no,merged,/Users/prashantdhingra/e/a3_output/happy-new-year.org/output/content/in/languages/footer.fragment
in/languages/sindhi.htm,in/languages/sindhi.htm,no,merged,/Users/prashantdhingra/e/a3_output/happy-new-year.org/output/content/in/languages/footer.fragment
in/languages/waloon.htm,in/languages/waloon.html,yes,merged,/Users/prashantdhingra/e/a3_output/happy-new-year.org/output/content/in/languages/footer.fragment
in/languages/bengali.htm,in/languages/bengali.htm,no,merged,/Users/prashantdhingra/e/a3_output/happy-new-year.org/output/content/in/languages/footer.fragment
in/languages/different-languages.htm,in/languages/every-language.html,yes,merged,/Users/prashantdhingra/e/a3_output/happy-new-year.org/output/content/in/languages/footer.fragment
in/languages/Swiss-German.htm,in/languages/swiss-german.html,yes,merged,/Users/prashantdhingra/e/a3_output/happy-new-year.org/output/content/in/languages/footer.fragment
in/languages/Telugu.htm,in/languages/telugu.html,yes,merged,/Users/prashantdhingra/e/a3_output/happy-new-year.org/output/content/in/languages/footer.fragment
in/languages/TAMAZIGHT.htm,in/languages/tamazight.html,yes,merged,/Users/prashantdhingra/e/a3_output/happy-new-year.org/output/content/in/languages/footer.fragment
in/languages/italian.htm,in/languages/italian.htm,no,merged,/Users/prashantdhingra/e/a3_output/happy-new-year.org/output/content/in/languages/footer.fragment
in/languages/marathi.htm,in/languages/marathi.htm,no,merged,/Users/prashantdhingra/e/a3_output/happy-new-year.org/output/content/in/languages/footer.fragment
in/languages/TWENTS.htm,in/languages/twents.html,yes,merged,/Users/prashantdhingra/e/a3_output/happy-new-year.org/output/content/in/languages/footer.fragment
in/languages/TIGRE.htm,in/languages/tigre.html,yes,merged,/Users/prashantdhingra/e/a3_output/happy-new-year.org/output/content/in/languages/footer.fragment
in/languages/SRANAN.htm,in/languages/sranan.html,yes,merged,/Users/prashantdhingra/e/a3_output/happy-new-year.org/output/content/in/languages/footer.fragment
in/languages/wolof.htm,in/languages/wolof.html,yes,merged,/Users/prashantdhingra/e/a3_output/happy-new-year.org/output/content/in/languages/footer.fragment
in/languages/welsh.htm,in/languages/welsh.html,yes,merged,/Users/prashantdhingra/e/a3_output/happy-new-year.org/output/content/in/languages/footer.fragment
in/languages/zerma.htm,in/languages/zerma.html,yes,merged,/Users/prashantdhingra/e/a3_output/happy-new-year.org/output/content/in/languages/footer.fragment
holidays/christian.htm,holidays/christian.html,yes,merged,/Users/prashantdhingra/e/a3_output/happy-new-year.org/output/content/holidays/footer.fragment
holidays/Dusshera-4-current.htm,holidays/dusshera-day.html,yes,merged,/Users/prashantdhingra/e/a3_output/happy-new-year.org/output/content/holidays/footer.fragment
holidays/muslim.htm,holidays/muslim.html,yes,merged,/Users/prashantdhingra/e/a3_output/happy-new-year.org/output/content/holidays/footer.fragment
holidays/india.htm,holidays/india.html,yes,merged,/Users/prashantdhingra/e/a3_output/happy-new-year.org/output/content/holidays/footer.fragment
holidays/common.htm,holidays/default.html,yes,merged,/Users/prashantdhingra/e/a3_output/happy-new-year.org/output/content/holidays/footer.fragment
holidays/jewish.htm,holidays/jewish.html,yes,merged,/Users/prashantdhingra/e/a3_output/happy-new-year.org/output/content/holidays/footer.fragment
cards/May New Year bring Luck.htm,cards/May New Year bring Luck.htm,no,merged,/Users/prashantdhingra/e/a3_output/happy-new-year.org/output/content/cards/footer.fragment
cards/card-00833.htm,cards/card-00833.htm,no,merged,/Users/prashantdhingra/e/a3_output/happy-new-year.org/output/content/cards/footer.fragment
cards/card-00827.htm,cards/card-00827.htm,no,merged,/Users/prashantdhingra/e/a3_output/happy-new-year.org/output/content/cards/footer.fragment
cards/card-00825.png.htm,cards/card-00825.png.htm,no,merged,/Users/prashantdhingra/e/a3_output/happy-new-year.org/output/content/cards/footer.fragment
cards/card-00826.htm,cards/card-00826.htm,no,merged,/Users/prashantdhingra/e/a3_output/happy-new-year.org/output/content/cards/footer.fragment
cards/card-00832.htm,cards/card-00832.htm,no,merged,/Users/prashantdhingra/e/a3_output/happy-new-year.org/output/content/cards/footer.fragment
cards/new-year-australia-2.htm,cards/new-year-australia-2.htm,no,merged,/Users/prashantdhingra/e/a3_output/happy-new-year.org/output/content/cards/footer.fragment
cards/card-00824.htm,cards/card-00824.htm,no,merged,/Users/prashantdhingra/e/a3_output/happy-new-year.org/output/content/cards/footer.fragment
cards/card-00830.htm,cards/card-00830.htm,no,merged,/Users/prashantdhingra/e/a3_output/happy-new-year.org/output/content/cards/footer.fragment
cards/card-00818.htm,cards/card-00818.htm,no,merged,/Users/prashantdhingra/e/a3_output/happy-new-year.org/output/content/cards/footer.fragment
cards/new-year-cards-whatsapp.htm,cards/new-year-cards-whatsapp.htm,no,merged,/Users/prashantdhingra/e/a3_output/happy-new-year.org/output/content/cards/footer.fragment
cards/card-00819.htm,cards/card-00819.htm,no,merged,/Users/prashantdhingra/e/a3_output/happy-new-year.org/output/content/cards/footer.fragment
cards/card-00831.htm,cards/card-00831.htm,no,merged,/Users/prashantdhingra/e/a3_output/happy-new-year.org/output/content/cards/footer.fragment
cards/card-00825.htm,cards/card-00825.htm,no,merged,/Users/prashantdhingra/e/a3_output/happy-new-year.org/output/content/cards/footer.fragment
cards/new-year-card-hd.htm,cards/new-year-card-hd.htm,no,merged,/Users/prashantdhingra/e/a3_output/happy-new-year.org/output/content/cards/footer.fragment
cards/card-00809.htm,cards/card-00809.htm,no,merged,/Users/prashantdhingra/e/a3_output/happy-new-year.org/output/content/cards/footer.fragment
cards/card-00821.htm,cards/card-00821.htm,no,merged,/Users/prashantdhingra/e/a3_output/happy-new-year.org/output/content/cards/footer.fragment
cards/card-00835.htm,cards/card-00835.htm,no,merged,/Users/prashantdhingra/e/a3_output/happy-new-year.org/output/content/cards/footer.fragment
cards/card-00799.htm,cards/card-00799.htm,no,merged,/Users/prashantdhingra/e/a3_output/happy-new-year.org/output/content/cards/footer.fragment
cards/card-00798.htm,cards/card-00798.htm,no,merged,/Users/prashantdhingra/e/a3_output/happy-new-year.org/output/content/cards/footer.fragment
cards/new-year-cards-elegant.htm,cards/new-year-cards-elegant.htm,no,merged,/Users/prashantdhingra/e/a3_output/happy-new-year.org/output/content/cards/footer.fragment
cards/card-00834.htm,cards/card-00834.htm,no,merged,/Users/prashantdhingra/e/a3_output/happy-new-year.org/output/content/cards/footer.fragment
cards/card-00820.htm,cards/card-00820.htm,no,merged,/Users/prashantdhingra/e/a3_output/happy-new-year.org/output/content/cards/footer.fragment
cards/card-00808.htm,cards/card-00808.htm,no,merged,/Users/prashantdhingra/e/a3_output/happy-new-year.org/output/content/cards/footer.fragment
cards/new-year-singapore-2.htm,cards/new-year-singapore-2.htm,no,merged,/Users/prashantdhingra/e/a3_output/happy-new-year.org/output/content/cards/footer.fragment
cards/card-00836.htm,cards/card-00836.htm,no,merged,/Users/prashantdhingra/e/a3_output/happy-new-year.org/output/content/cards/footer.fragment
cards/card-00822.htm,cards/card-00822.htm,no,merged,/Users/prashantdhingra/e/a3_output/happy-new-year.org/output/content/cards/footer.fragment
cards/Happy New Year.htm,cards/Happy New Year.htm,no,merged,/Users/prashantdhingra/e/a3_output/happy-new-year.org/output/content/cards/footer.fragment
cards/new-year-card-gallery.html,cards/new-year-card-gallery.html,yes,merged,/Users/prashantdhingra/e/a3_output/happy-new-year.org/output/content/cards/footer.fragment
cards/Fathers-day-4.htm,cards/messages-for-fathers-day.html,yes,merged,/Users/prashantdhingra/e/a3_output/happy-new-year.org/output/content/cards/footer.fragment
cards/new-year-japan-2.htm,cards/new-year-japan-2.htm,no,merged,/Users/prashantdhingra/e/a3_output/happy-new-year.org/output/content/cards/footer.fragment
cards/May new year spread happiness all around.htm,cards/May new year spread happiness all around.htm,no,merged,/Users/prashantdhingra/e/a3_output/happy-new-year.org/output/content/cards/footer.fragment
cards/card-00823.htm,cards/card-00823.htm,no,merged,/Users/prashantdhingra/e/a3_output/happy-new-year.org/output/content/cards/footer.fragment
cards/card-00837.htm,cards/card-00837.htm,no,merged,/Users/prashantdhingra/e/a3_output/happy-new-year.org/output/content/cards/footer.fragment
cards/puzzle.htm,cards/puzzle.htm,no,merged,/Users/prashantdhingra/e/a3_output/happy-new-year.org/output/content/cards/footer.fragment
cards/new-year-spain-2.htm,cards/new-year-spain-2.htm,no,merged,/Users/prashantdhingra/e/a3_output/happy-new-year.org/output/content/cards/footer.fragment
cards/card-00850.htm,cards/card-00850.htm,no,merged,/Users/prashantdhingra/e/a3_output/happy-new-year.org/output/content/cards/footer.fragment
cards/card-00844.htm,cards/card-00844.htm,no,merged,/Users/prashantdhingra/e/a3_output/happy-new-year.org/output/content/cards/footer.fragment
cards/card-00878.htm,cards/card-00878.htm,no,merged,/Users/prashantdhingra/e/a3_output/happy-new-year.org/output/content/cards/footer.fragment
cards/card-00893.htm,cards/card-00893.htm,no,merged,/Users/prashantdhingra/e/a3_output/happy-new-year.org/output/content/cards/footer.fragment
cards/card-00887.htm,cards/card-00887.htm,no,merged,/Users/prashantdhingra/e/a3_output/happy-new-year.org/output/content/cards/footer.fragment
cards/new-year-china.htm,cards/new-year-china.htm,no,merged,/Users/prashantdhingra/e/a3_output/happy-new-year.org/output/content/cards/footer.fragment
cards/card-00924.htm,cards/card-00924.htm,no,merged,/Users/prashantdhingra/e/a3_output/happy-new-year.org/output/content/cards/footer.fragment
cards/Happy New Year with Love.htm,cards/Happy New Year with Love.htm,no,merged,/Users/prashantdhingra/e/a3_output/happy-new-year.org/output/content/cards/footer.fragment
cards/card-00918.htm,cards/card-00918.htm,no,merged,/Users/prashantdhingra/e/a3_output/happy-new-year.org/output/content/cards/footer.fragment
cards/new-year-pakistan-2.htm,cards/new-year-pakistan-2.htm,no,merged,/Users/prashantdhingra/e/a3_output/happy-new-year.org/output/content/cards/footer.fragment
cards/card-00919.htm,cards/card-00919.htm,no,merged,/Users/prashantdhingra/e/a3_output/happy-new-year.org/output/content/cards/footer.fragment
cards/card-00925.htm,cards/card-00925.htm,no,merged,/Users/prashantdhingra/e/a3_output/happy-new-year.org/output/content/cards/footer.fragment
cards/card-00886.htm,cards/card-00886.htm,no,merged,/Users/prashantdhingra/e/a3_output/happy-new-year.org/output/content/cards/footer.fragment
cards/card-00892.htm,cards/card-00892.htm,no,merged,/Users/prashantdhingra/e/a3_output/happy-new-year.org/output/content/cards/footer.fragment
cards/card-00879.htm,cards/card-00879.htm,no,merged,/Users/prashantdhingra/e/a3_output/happy-new-year.org/output/content/cards/footer.fragment
cards/card-00845.htm,cards/card-00845.htm,no,merged,/Users/prashantdhingra/e/a3_output/happy-new-year.org/output/content/cards/footer.fragment
cards/card-00851.htm,cards/card-00851.htm,no,merged,/Users/prashantdhingra/e/a3_output/happy-new-year.org/output/content/cards/footer.fragment
cards/newyork-usa-2.htm,cards/newyork-usa-2.htm,no,merged,/Users/prashantdhingra/e/a3_output/happy-new-year.org/output/content/cards/footer.fragment
cards/card-00847.htm,cards/card-00847.htm,no,merged,/Users/prashantdhingra/e/a3_output/happy-new-year.org/output/content/cards/footer.fragment
cards/new-year-germany-2.htm,cards/new-year-germany-2.htm,no,merged,/Users/prashantdhingra/e/a3_output/happy-new-year.org/output/content/cards/footer.fragment
cards/card-00853.htm,cards/card-00853.htm,no,merged,/Users/prashantdhingra/e/a3_output/happy-new-year.org/output/content/cards/footer.fragment
cards/card-00884.htm,cards/card-00884.htm,no,merged,/Users/prashantdhingra/e/a3_output/happy-new-year.org/output/content/cards/footer.fragment
cards/card-00890.htm,cards/card-00890.htm,no,merged,/Users/prashantdhingra/e/a3_output/happy-new-year.org/output/content/cards/footer.fragment
cards/card-00927.htm,cards/card-00927.htm,no,merged,/Users/prashantdhingra/e/a3_output/happy-new-year.org/output/content/cards/footer.fragment
cards/ney-year-norway-2.htm,cards/ney-year-norway-2.htm,no,merged,/Users/prashantdhingra/e/a3_output/happy-new-year.org/output/content/cards/footer.fragment
cards/card-00926.htm,cards/card-00926.htm,no,merged,/Users/prashantdhingra/e/a3_output/happy-new-year.org/output/content/cards/footer.fragment
cards/card-00891.htm,cards/card-00891.htm,no,merged,/Users/prashantdhingra/e/a3_output/happy-new-year.org/output/content/cards/footer.fragment
cards/card-00885.htm,cards/card-00885.htm,no,merged,/Users/prashantdhingra/e/a3_output/happy-new-year.org/output/content/cards/footer.fragment
cards/Happy New Year Beautiful Card.htm,cards/Happy New Year Beautiful Card.htm,no,merged,/Users/prashantdhingra/e/a3_output/happy-new-year.org/output/content/cards/footer.fragment
cards/card-00852.htm,cards/card-00852.htm,no,merged,/Users/prashantdhingra/e/a3_output/happy-new-year.org/output/content/cards/footer.fragment
cards/card-00846.htm,cards/card-00846.htm,no,merged,/Users/prashantdhingra/e/a3_output/happy-new-year.org/output/content/cards/footer.fragment
cards/newyork-usa-3.htm,cards/newyork-usa-3.htm,no,merged,/Users/prashantdhingra/e/a3_output/happy-new-year.org/output/content/cards/footer.fragment
cards/Fun Music.htm,cards/Fun Music.htm,no,merged,/Users/prashantdhingra/e/a3_output/happy-new-year.org/output/content/cards/footer.fragment
cards/Happy New Year Splash.htm,cards/Happy New Year Splash.htm,no,merged,/Users/prashantdhingra/e/a3_output/happy-new-year.org/output/content/cards/footer.fragment
cards/card-00842.htm,cards/card-00842.htm,no,merged,/Users/prashantdhingra/e/a3_output/happy-new-year.org/output/content/cards/footer.fragment
cards/card-00856.htm,cards/card-00856.htm,no,merged,/Users/prashantdhingra/e/a3_output/happy-new-year.org/output/content/cards/footer.fragment
cards/card-00881.htm,cards/card-00881.htm,no,merged,/Users/prashantdhingra/e/a3_output/happy-new-year.org/output/content/cards/footer.fragment
cards/card-00895.htm,cards/card-00895.htm,no,merged,/Users/prashantdhingra/e/a3_output/happy-new-year.org/output/content/cards/footer.fragment
cards/card-00922.htm,cards/card-00922.htm,no,merged,/Users/prashantdhingra/e/a3_output/happy-new-year.org/output/content/cards/footer.fragment
cards/cards-index.htm,cards/index.html,yes,merged,/Users/prashantdhingra/e/a3_output/happy-new-year.org/output/content/cards/footer.fragment
cards/new-year-malaysia-2.htm,cards/new-year-malaysia-2.htm,no,merged,/Users/prashantdhingra/e/a3_output/happy-new-year.org/output/content/cards/footer.fragment
cards/card-00923.htm,cards/card-00923.htm,no,merged,/Users/prashantdhingra/e/a3_output/happy-new-year.org/output/content/cards/footer.fragment
cards/card-00855.png.htm,cards/card-00855.png.htm,no,merged,/Users/prashantdhingra/e/a3_output/happy-new-year.org/output/content/cards/footer.fragment
cards/Rainbow colors.htm,cards/Rainbow colors.htm,no,merged,/Users/prashantdhingra/e/a3_output/happy-new-year.org/output/content/cards/footer.fragment
cards/new-year-card-traditional.htm,cards/new-year-card-traditional.htm,no,merged,/Users/prashantdhingra/e/a3_output/happy-new-year.org/output/content/cards/footer.fragment
cards/card-00894.htm,cards/card-00894.htm,no,merged,/Users/prashantdhingra/e/a3_output/happy-new-year.org/output/content/cards/footer.fragment
cards/card-00880.htm,cards/card-00880.htm,no,merged,/Users/prashantdhingra/e/a3_output/happy-new-year.org/output/content/cards/footer.fragment
cards/card-00857.htm,cards/card-00857.htm,no,merged,/Users/prashantdhingra/e/a3_output/happy-new-year.org/output/content/cards/footer.fragment
cards/card-00843.htm,cards/card-00843.htm,no,merged,/Users/prashantdhingra/e/a3_output/happy-new-year.org/output/content/cards/footer.fragment
cards/card-00869.htm,cards/card-00869.htm,no,merged,/Users/prashantdhingra/e/a3_output/happy-new-year.org/output/content/cards/footer.fragment
cards/card-00855.htm,cards/card-00855.htm,no,merged,/Users/prashantdhingra/e/a3_output/happy-new-year.org/output/content/cards/footer.fragment
cards/card-00841.htm,cards/card-00841.htm,no,merged,/Users/prashantdhingra/e/a3_output/happy-new-year.org/output/content/cards/footer.fragment
cards/card-00896.htm,cards/card-00896.htm,no,merged,/Users/prashantdhingra/e/a3_output/happy-new-year.org/output/content/cards/footer.fragment
cards/card-00882.htm,cards/card-00882.htm,no,merged,/Users/prashantdhingra/e/a3_output/happy-new-year.org/output/content/cards/footer.fragment
cards/new-year-card-chocolate.htm,cards/new-year-card-chocolate.htm,no,merged,/Users/prashantdhingra/e/a3_output/happy-new-year.org/output/content/cards/footer.fragment
cards/card-00909.htm,cards/card-00909.htm,no,merged,/Users/prashantdhingra/e/a3_output/happy-new-year.org/output/content/cards/footer.fragment
cards/card-00921.htm,cards/card-00921.htm,no,merged,/Users/prashantdhingra/e/a3_output/happy-new-year.org/output/content/cards/footer.fragment
cards/new-year-italy-2.htm,cards/new-year-italy-2.htm,no,merged,/Users/prashantdhingra/e/a3_output/happy-new-year.org/output/content/cards/footer.fragment
cards/Happy-New-Year.htm,cards/Happy-New-Year.htm,no,merged,/Users/prashantdhingra/e/a3_output/happy-new-year.org/output/content/cards/footer.fragment
cards/card-00920.htm,cards/card-00920.htm,no,merged,/Users/prashantdhingra/e/a3_output/happy-new-year.org/output/content/cards/footer.fragment
cards/card-00908.htm,cards/card-00908.htm,no,merged,/Users/prashantdhingra/e/a3_output/happy-new-year.org/output/content/cards/footer.fragment
cards/card-00883.htm,cards/card-00883.htm,no,merged,/Users/prashantdhingra/e/a3_output/happy-new-year.org/output/content/cards/footer.fragment
cards/card-00897.htm,cards/card-00897.htm,no,merged,/Users/prashantdhingra/e/a3_output/happy-new-year.org/output/content/cards/footer.fragment
cards/card-00840.htm,cards/card-00840.htm,no,merged,/Users/prashantdhingra/e/a3_output/happy-new-year.org/output/content/cards/footer.fragment
cards/card-00854.htm,cards/card-00854.htm,no,merged,/Users/prashantdhingra/e/a3_output/happy-new-year.org/output/content/cards/footer.fragment
cards/card-00868.htm,cards/card-00868.htm,no,merged,/Users/prashantdhingra/e/a3_output/happy-new-year.org/output/content/cards/footer.fragment
cards/May Happy New Year Strengthen Our Friendship.htm,cards/May Happy New Year Strengthen Our Friendship.htm,no,merged,/Users/prashantdhingra/e/a3_output/happy-new-year.org/output/content/cards/footer.fragment
cards/slides.htm,cards/beautiful-card-for-various-occasions.html,yes,merged,/Users/prashantdhingra/e/a3_output/happy-new-year.org/output/content/cards/footer.fragment
cards/card-00871.htm,cards/card-00871.htm,no,merged,/Users/prashantdhingra/e/a3_output/happy-new-year.org/output/content/cards/footer.fragment
cards/card-00865.htm,cards/card-00865.htm,no,merged,/Users/prashantdhingra/e/a3_output/happy-new-year.org/output/content/cards/footer.fragment
cards/May new year open door to successs.htm,cards/May new year open door to successs.htm,no,merged,/Users/prashantdhingra/e/a3_output/happy-new-year.org/output/content/cards/footer.fragment
cards/card-00859.htm,cards/card-00859.htm,no,merged,/Users/prashantdhingra/e/a3_output/happy-new-year.org/output/content/cards/footer.fragment
cards/card-00905.htm,cards/card-00905.htm,no,merged,/Users/prashantdhingra/e/a3_output/happy-new-year.org/output/content/cards/footer.fragment
cards/card-00911.htm,cards/card-00911.htm,no,merged,/Users/prashantdhingra/e/a3_output/happy-new-year.org/output/content/cards/footer.fragment
cards/1.htm,cards/1.htm,no,merged,/Users/prashantdhingra/e/a3_output/happy-new-year.org/output/content/cards/footer.fragment
cards/ValentineDay-4.htm,cards/messages-for-valentineday.html,yes,merged,/Users/prashantdhingra/e/a3_output/happy-new-year.org/output/content/cards/footer.fragment
cards/new-year-fireworks-and-celebrations.htm,cards/new-year-fireworks-and-celebrations.htm,no,merged,/Users/prashantdhingra/e/a3_output/happy-new-year.org/output/content/cards/footer.fragment
cards/card-00910.htm,cards/card-00910.htm,no,merged,/Users/prashantdhingra/e/a3_output/happy-new-year.org/output/content/cards/footer.fragment
cards/card-00904.htm,cards/card-00904.htm,no,merged,/Users/prashantdhingra/e/a3_output/happy-new-year.org/output/content/cards/footer.fragment
cards/card-00858.htm,cards/card-00858.htm,no,merged,/Users/prashantdhingra/e/a3_output/happy-new-year.org/output/content/cards/footer.fragment
cards/card-00864.htm,cards/card-00864.htm,no,merged,/Users/prashantdhingra/e/a3_output/happy-new-year.org/output/content/cards/footer.fragment
cards/card-00870.htm,cards/card-00870.htm,no,merged,/Users/prashantdhingra/e/a3_output/happy-new-year.org/output/content/cards/footer.fragment
cards/card-00866.htm,cards/card-00866.htm,no,merged,/Users/prashantdhingra/e/a3_output/happy-new-year.org/output/content/cards/footer.fragment
cards/card-00872.htm,cards/card-00872.htm,no,merged,/Users/prashantdhingra/e/a3_output/happy-new-year.org/output/content/cards/footer.fragment
cards/card-00899.htm,cards/card-00899.htm,no,merged,/Users/prashantdhingra/e/a3_output/happy-new-year.org/output/content/cards/footer.fragment
cards/card-00912.htm,cards/card-00912.htm,no,merged,/Users/prashantdhingra/e/a3_output/happy-new-year.org/output/content/cards/footer.fragment
cards/card-00906.htm,cards/card-00906.htm,no,merged,/Users/prashantdhingra/e/a3_output/happy-new-year.org/output/content/cards/footer.fragment
cards/2.htm,cards/2.htm,no,merged,/Users/prashantdhingra/e/a3_output/happy-new-year.org/output/content/cards/footer.fragment
cards/Greetings for Christmas and New Year.htm,cards/Greetings for Christmas and New Year.htm,no,merged,/Users/prashantdhingra/e/a3_output/happy-new-year.org/output/content/cards/footer.fragment
cards/Mothers-day-4.htm,cards/messages-for-mothers-day.html,yes,merged,/Users/prashantdhingra/e/a3_output/happy-new-year.org/output/content/cards/footer.fragment
cards/new-york-usa.htm,cards/new-york-usa.htm,no,merged,/Users/prashantdhingra/e/a3_output/happy-new-year.org/output/content/cards/footer.fragment
cards/3.htm,cards/3.htm,no,merged,/Users/prashantdhingra/e/a3_output/happy-new-year.org/output/content/cards/footer.fragment
cards/card-00907.htm,cards/card-00907.htm,no,merged,/Users/prashantdhingra/e/a3_output/happy-new-year.org/output/content/cards/footer.fragment
cards/new-year-cards-for-kids.htm,cards/new-year-cards-for-kids.htm,no,merged,/Users/prashantdhingra/e/a3_output/happy-new-year.org/output/content/cards/footer.fragment
cards/card-00913.htm,cards/card-00913.htm,no,merged,/Users/prashantdhingra/e/a3_output/happy-new-year.org/output/content/cards/footer.fragment
cards/card-00898.htm,cards/card-00898.htm,no,merged,/Users/prashantdhingra/e/a3_output/happy-new-year.org/output/content/cards/footer.fragment
cards/card-00873.htm,cards/card-00873.htm,no,merged,/Users/prashantdhingra/e/a3_output/happy-new-year.org/output/content/cards/footer.fragment
cards/card-00867.htm,cards/card-00867.htm,no,merged,/Users/prashantdhingra/e/a3_output/happy-new-year.org/output/content/cards/footer.fragment
cards/puzzle.jpg.htm,cards/puzzle.jpg.htm,no,merged,/Users/prashantdhingra/e/a3_output/happy-new-year.org/output/content/cards/footer.fragment
cards/Doc pictures.htm,cards/Doc pictures.htm,no,merged,/Users/prashantdhingra/e/a3_output/happy-new-year.org/output/content/cards/footer.fragment
cards/New Year Wishes.htm,cards/New Year Wishes.htm,no,merged,/Users/prashantdhingra/e/a3_output/happy-new-year.org/output/content/cards/footer.fragment
cards/card-00863.htm,cards/card-00863.htm,no,merged,/Users/prashantdhingra/e/a3_output/happy-new-year.org/output/content/cards/footer.fragment
cards/card-00877.htm,cards/card-00877.htm,no,merged,/Users/prashantdhingra/e/a3_output/happy-new-year.org/output/content/cards/footer.fragment
cards/pictures.htm,cards/pictures.htm,no,merged,/Users/prashantdhingra/e/a3_output/happy-new-year.org/output/content/cards/footer.fragment
cards/card-00888.htm,cards/card-00888.htm,no,merged,/Users/prashantdhingra/e/a3_output/happy-new-year.org/output/content/cards/footer.fragment
cards/card-00917.htm,cards/card-00917.htm,no,merged,/Users/prashantdhingra/e/a3_output/happy-new-year.org/output/content/cards/footer.fragment
cards/card-00903.htm,cards/card-00903.htm,no,merged,/Users/prashantdhingra/e/a3_output/happy-new-year.org/output/content/cards/footer.fragment
cards/7.htm,cards/7.htm,no,merged,/Users/prashantdhingra/e/a3_output/happy-new-year.org/output/content/cards/footer.fragment
cards/new-year-burj-khalifa-2.htm,cards/new-year-burj-khalifa-2.htm,no,merged,/Users/prashantdhingra/e/a3_output/happy-new-year.org/output/content/cards/footer.fragment
cards/May New Year bring sunshine.htm,cards/May New Year bring sunshine.htm,no,merged,/Users/prashantdhingra/e/a3_output/happy-new-year.org/output/content/cards/footer.fragment
cards/card-00823.png.htm,cards/card-00823.png.htm,no,merged,/Users/prashantdhingra/e/a3_output/happy-new-year.org/output/content/cards/footer.fragment
cards/6.htm,cards/6.htm,no,merged,/Users/prashantdhingra/e/a3_output/happy-new-year.org/output/content/cards/footer.fragment
cards/card-00902.htm,cards/card-00902.htm,no,merged,/Users/prashantdhingra/e/a3_output/happy-new-year.org/output/content/cards/footer.fragment
cards/card-00916.htm,cards/card-00916.htm,no,merged,/Users/prashantdhingra/e/a3_output/happy-new-year.org/output/content/cards/footer.fragment
cards/card-00889.htm,cards/card-00889.htm,no,merged,/Users/prashantdhingra/e/a3_output/happy-new-year.org/output/content/cards/footer.fragment
cards/card-00876.htm,cards/card-00876.htm,no,merged,/Users/prashantdhingra/e/a3_output/happy-new-year.org/output/content/cards/footer.fragment
cards/card-00862.htm,cards/card-00862.htm,no,merged,/Users/prashantdhingra/e/a3_output/happy-new-year.org/output/content/cards/footer.fragment
cards/Happy Christmas and New Year.htm,cards/Happy Christmas and New Year.htm,no,merged,/Users/prashantdhingra/e/a3_output/happy-new-year.org/output/content/cards/footer.fragment
cards/card-00848.htm,cards/card-00848.htm,no,merged,/Users/prashantdhingra/e/a3_output/happy-new-year.org/output/content/cards/footer.fragment
cards/card-00874.htm,cards/card-00874.htm,no,merged,/Users/prashantdhingra/e/a3_output/happy-new-year.org/output/content/cards/footer.fragment
cards/card-00860.htm,cards/card-00860.htm,no,merged,/Users/prashantdhingra/e/a3_output/happy-new-year.org/output/content/cards/footer.fragment
cards/card-00928.htm,cards/card-00928.htm,no,merged,/Users/prashantdhingra/e/a3_output/happy-new-year.org/output/content/cards/footer.fragment
cards/card-00900.htm,cards/card-00900.htm,no,merged,/Users/prashantdhingra/e/a3_output/happy-new-year.org/output/content/cards/footer.fragment
cards/card-00914.htm,cards/card-00914.htm,no,merged,/Users/prashantdhingra/e/a3_output/happy-new-year.org/output/content/cards/footer.fragment
cards/Fullsize card.htm,cards/Fullsize card.htm,no,merged,/Users/prashantdhingra/e/a3_output/happy-new-year.org/output/content/cards/footer.fragment
cards/Sphere of influence.htm,cards/Sphere of influence.htm,no,merged,/Users/prashantdhingra/e/a3_output/happy-new-year.org/output/content/cards/footer.fragment
cards/4.htm,cards/4.htm,no,merged,/Users/prashantdhingra/e/a3_output/happy-new-year.org/output/content/cards/footer.fragment
cards/5.htm,cards/5.htm,no,merged,/Users/prashantdhingra/e/a3_output/happy-new-year.org/output/content/cards/footer.fragment
cards/card-00915.htm,cards/card-00915.htm,no,merged,/Users/prashantdhingra/e/a3_output/happy-new-year.org/output/content/cards/footer.fragment
cards/card-00901.htm,cards/card-00901.htm,no,merged,/Users/prashantdhingra/e/a3_output/happy-new-year.org/output/content/cards/footer.fragment
cards/gen.htm,cards/1.html,yes,merged,/Users/prashantdhingra/e/a3_output/happy-new-year.org/output/content/cards/footer.fragment
cards/card-00861.htm,cards/card-00861.htm,no,merged,/Users/prashantdhingra/e/a3_output/happy-new-year.org/output/content/cards/footer.fragment
cards/card-00875.htm,cards/card-00875.htm,no,merged,/Users/prashantdhingra/e/a3_output/happy-new-year.org/output/content/cards/footer.fragment
cards/card-00849.htm,cards/card-00849.htm,no,merged,/Users/prashantdhingra/e/a3_output/happy-new-year.org/output/content/cards/footer.fragment
cards/have a lovely new year.htm,cards/have a lovely new year.htm,no,merged,/Users/prashantdhingra/e/a3_output/happy-new-year.org/output/content/cards/footer.fragment
cards/new-year-france-2.htm,cards/new-year-france-2.htm,no,merged,/Users/prashantdhingra/e/a3_output/happy-new-year.org/output/content/cards/footer.fragment
cards/card-00812.htm,cards/card-00812.htm,no,merged,/Users/prashantdhingra/e/a3_output/happy-new-year.org/output/content/cards/footer.fragment
cards/card-00806.htm,cards/card-00806.htm,no,merged,/Users/prashantdhingra/e/a3_output/happy-new-year.org/output/content/cards/footer.fragment
cards/card-00796.htm,cards/card-00796.htm,no,merged,/Users/prashantdhingra/e/a3_output/happy-new-year.org/output/content/cards/footer.fragment
cards/Happy New Year Colors.htm,cards/Happy New Year Colors.htm,no,merged,/Users/prashantdhingra/e/a3_output/happy-new-year.org/output/content/cards/footer.fragment
cards/card-00797.htm,cards/card-00797.htm,no,merged,/Users/prashantdhingra/e/a3_output/happy-new-year.org/output/content/cards/footer.fragment
cards/card-00807.htm,cards/card-00807.htm,no,merged,/Users/prashantdhingra/e/a3_output/happy-new-year.org/output/content/cards/footer.fragment
cards/card-00813.htm,cards/card-00813.htm,no,merged,/Users/prashantdhingra/e/a3_output/happy-new-year.org/output/content/cards/footer.fragment
cards/new-year-iceland-2.htm,cards/new-year-iceland-2.htm,no,merged,/Users/prashantdhingra/e/a3_output/happy-new-year.org/output/content/cards/footer.fragment
cards/card-00805.htm,cards/card-00805.htm,no,merged,/Users/prashantdhingra/e/a3_output/happy-new-year.org/output/content/cards/footer.fragment
cards/card-00811.htm,cards/card-00811.htm,no,merged,/Users/prashantdhingra/e/a3_output/happy-new-year.org/output/content/cards/footer.fragment
cards/card-00839.htm,cards/card-00839.htm,no,merged,/Users/prashantdhingra/e/a3_output/happy-new-year.org/output/content/cards/footer.fragment
cards/new-year-indonesia.htm,cards/new-year-indonesia.htm,no,merged,/Users/prashantdhingra/e/a3_output/happy-new-year.org/output/content/cards/footer.fragment
cards/Love and Kisses for Happy New Year.htm,cards/Love and Kisses for Happy New Year.htm,no,merged,/Users/prashantdhingra/e/a3_output/happy-new-year.org/output/content/cards/footer.fragment
cards/new-year-texas-2.htm,cards/new-year-texas-2.htm,no,merged,/Users/prashantdhingra/e/a3_output/happy-new-year.org/output/content/cards/footer.fragment
cards/new-year-china-2.htm,cards/new-year-china-2.htm,no,merged,/Users/prashantdhingra/e/a3_output/happy-new-year.org/output/content/cards/footer.fragment
cards/Lots of Love.htm,cards/Lots of Love.htm,no,merged,/Users/prashantdhingra/e/a3_output/happy-new-year.org/output/content/cards/footer.fragment
cards/new-year-germany.htm,cards/new-year-germany.htm,no,merged,/Users/prashantdhingra/e/a3_output/happy-new-year.org/output/content/cards/footer.fragment
cards/card-00838.htm,cards/card-00838.htm,no,merged,/Users/prashantdhingra/e/a3_output/happy-new-year.org/output/content/cards/footer.fragment
cards/card-00810.htm,cards/card-00810.htm,no,merged,/Users/prashantdhingra/e/a3_output/happy-new-year.org/output/content/cards/footer.fragment
cards/card-00804.htm,cards/card-00804.htm,no,merged,/Users/prashantdhingra/e/a3_output/happy-new-year.org/output/content/cards/footer.fragment
cards/Music all around.htm,cards/Music all around.htm,no,merged,/Users/prashantdhingra/e/a3_output/happy-new-year.org/output/content/cards/footer.fragment
cards/card-00828.htm,cards/card-00828.htm,no,merged,/Users/prashantdhingra/e/a3_output/happy-new-year.org/output/content/cards/footer.fragment
cards/card-00800.htm,cards/card-00800.htm,no,merged,/Users/prashantdhingra/e/a3_output/happy-new-year.org/output/content/cards/footer.fragment
cards/card-00814.htm,cards/card-00814.htm,no,merged,/Users/prashantdhingra/e/a3_output/happy-new-year.org/output/content/cards/footer.fragment
cards/4.jpg.htm,cards/4.jpg.htm,no,merged,/Users/prashantdhingra/e/a3_output/happy-new-year.org/output/content/cards/footer.fragment
cards/Peace and prosperity.htm,cards/Peace and prosperity.htm,no,merged,/Users/prashantdhingra/e/a3_output/happy-new-year.org/output/content/cards/footer.fragment
cards/new-year-newzealand-2.htm,cards/new-year-newzealand-2.htm,no,merged,/Users/prashantdhingra/e/a3_output/happy-new-year.org/output/content/cards/footer.fragment
cards/new-year-chocolate-fireworks.htm,cards/new-year-chocolate-fireworks.htm,no,merged,/Users/prashantdhingra/e/a3_output/happy-new-year.org/output/content/cards/footer.fragment
cards/card-00815.htm,cards/card-00815.htm,no,merged,/Users/prashantdhingra/e/a3_output/happy-new-year.org/output/content/cards/footer.fragment
cards/card-00801.htm,cards/card-00801.htm,no,merged,/Users/prashantdhingra/e/a3_output/happy-new-year.org/output/content/cards/footer.fragment
cards/card-00829.htm,cards/card-00829.htm,no,merged,/Users/prashantdhingra/e/a3_output/happy-new-year.org/output/content/cards/footer.fragment
cards/card-00816.png.htm,cards/card-00816.png.htm,no,merged,/Users/prashantdhingra/e/a3_output/happy-new-year.org/output/content/cards/footer.fragment
cards/new-year-newyork.htm,cards/new-year-newyork.htm,no,merged,/Users/prashantdhingra/e/a3_output/happy-new-year.org/output/content/cards/footer.fragment
cards/card-00817.htm,cards/card-00817.htm,no,merged,/Users/prashantdhingra/e/a3_output/happy-new-year.org/output/content/cards/footer.fragment
cards/card-00803.htm,cards/card-00803.htm,no,merged,/Users/prashantdhingra/e/a3_output/happy-new-year.org/output/content/cards/footer.fragment
cards/May all your dream come true.htm,cards/May all your dream come true.htm,no,merged,/Users/prashantdhingra/e/a3_output/happy-new-year.org/output/content/cards/footer.fragment
cards/Hardwork Luck Happiness will come together this year.htm,cards/Hardwork Luck Happiness will come together this year.htm,no,merged,/Users/prashantdhingra/e/a3_output/happy-new-year.org/output/content/cards/footer.fragment
cards/card-00852.png.htm,cards/card-00852.png.htm,no,merged,/Users/prashantdhingra/e/a3_output/happy-new-year.org/output/content/cards/footer.fragment
cards/Sending wishes from heart.htm,cards/Sending wishes from heart.htm,no,merged,/Users/prashantdhingra/e/a3_output/happy-new-year.org/output/content/cards/footer.fragment
cards/card-00802.htm,cards/card-00802.htm,no,merged,/Users/prashantdhingra/e/a3_output/happy-new-year.org/output/content/cards/footer.fragment
cards/card-00816.htm,cards/card-00816.htm,no,merged,/Users/prashantdhingra/e/a3_output/happy-new-year.org/output/content/cards/footer.fragment
cards/Heartful wishes.htm,cards/Heartful wishes.htm,no,merged,/Users/prashantdhingra/e/a3_output/happy-new-year.org/output/content/cards/footer.fragment
cards/Janamasthami/Janamasthami-4.htm,cards/Janamasthami/index.html,yes,merged,/Users/prashantdhingra/e/a3_output/happy-new-year.org/output/content/cards/Janamasthami/footer.fragment
cards/Karwa-chauth/gifts-for-women-article-4.htm,cards/Karwa-chauth/gifts-for-karvachauth.html,yes,merged,/Users/prashantdhingra/e/a3_output/happy-new-year.org/output/content/cards/Karwa-chauth/footer.fragment
cards/Karwa-chauth/gifts-for-men-article-4.htm,cards/Karwa-chauth/gift-suggestion-for-him-on-karvachauth.html,yes,merged,/Users/prashantdhingra/e/a3_output/happy-new-year.org/output/content/cards/Karwa-chauth/footer.fragment
cards/Karwa-chauth/karwachauth-4.htm,cards/Karwa-chauth/messages-for-karwachauth.html,yes,merged,/Users/prashantdhingra/e/a3_output/happy-new-year.org/output/content/cards/Karwa-chauth/footer.fragment
cards/Easter/cards-list.htm,cards/Easter/cards-list.html,yes,merged,/Users/prashantdhingra/e/a3_output/happy-new-year.org/output/content/cards/Easter/footer.fragment
cards/Easter/gallery.htm,cards/Easter/gallery.htm,no,merged,/Users/prashantdhingra/e/a3_output/happy-new-year.org/output/content/cards/Easter/footer.fragment
cards/Easter/cards.htm,cards/Easter/cards.html,yes,merged,/Users/prashantdhingra/e/a3_output/happy-new-year.org/output/content/cards/Easter/footer.fragment
cards/Easter/Bunny/gallery.htm,cards/Easter/Bunny/gallery.htm,no,merged,/Users/prashantdhingra/e/a3_output/happy-new-year.org/output/content/cards/Easter/Bunny/footer.fragment
cards/Easter/Eggs/gallery.htm,cards/Easter/Eggs/gallery.htm,no,merged,/Users/prashantdhingra/e/a3_output/happy-new-year.org/output/content/cards/Easter/Eggs/footer.fragment
cards/Rakhi/rakshabandhan-4-current.htm,cards/Rakhi/rakhi-day.html,yes,merged,/Users/prashantdhingra/e/a3_output/happy-new-year.org/output/content/cards/Rakhi/footer.fragment
cards/Rakhi/rakshabandhan-4.htm,cards/Rakhi/messages-rakshabandhan.html,yes,merged,/Users/prashantdhingra/e/a3_output/happy-new-year.org/output/content/cards/Rakhi/footer.fragment
cards/Rakhi/cards.htm,cards/Rakhi/index.html,yes,merged,/Users/prashantdhingra/e/a3_output/happy-new-year.org/output/content/cards/Rakhi/footer.fragment
cards/Halloween/pictures.htm,cards/Halloween/pictures.htm,no,merged,/Users/prashantdhingra/e/a3_output/happy-new-year.org/output/content/cards/Halloween/footer.fragment
cards/Halloween/cards.htm,cards/Halloween/cards.html,yes,merged,/Users/prashantdhingra/e/a3_output/happy-new-year.org/output/content/cards/Halloween/footer.fragment
cards/Halloween/photos/gallery.htm,cards/Halloween/photos/gallery.htm,no,merged,/Users/prashantdhingra/e/a3_output/happy-new-year.org/output/content/cards/Halloween/photos/footer.fragment
cards/fathers-day/cards.htm,cards/fathers-day/index.html,yes,merged,/Users/prashantdhingra/e/a3_output/happy-new-year.org/output/content/cards/fathers-day/footer.fragment
cards/fireworks/new-year-gen.htm,cards/fireworks/new-year-gen.html,yes,merged,/Users/prashantdhingra/e/a3_output/happy-new-year.org/output/content/cards/fireworks/footer.fragment
cards/sankranti/cards.htm,cards/sankranti/index.html,yes,merged,/Users/prashantdhingra/e/a3_output/happy-new-year.org/output/content/cards/sankranti/footer.fragment
cards/Christmas/pictures.htm,cards/Christmas/pictures.htm,no,merged,/Users/prashantdhingra/e/a3_output/happy-new-year.org/output/content/cards/Christmas/footer.fragment
cards/Christmas/cards.htm,cards/Christmas/cards.html,yes,merged,/Users/prashantdhingra/e/a3_output/happy-new-year.org/output/content/cards/Christmas/footer.fragment
cards/Diwali/Diwali-4-current.htm,cards/Diwali/diwali-day.html,yes,merged,/Users/prashantdhingra/e/a3_output/happy-new-year.org/output/content/cards/Diwali/footer.fragment
cards/Diwali/Dhanteras-4.htm,cards/Diwali/messages-for-dhanteras.html,yes,merged,/Users/prashantdhingra/e/a3_output/happy-new-year.org/output/content/cards/Diwali/footer.fragment
cards/Diwali/Halloween-4.htm,cards/Diwali/messages-for-halloween.html,yes,merged,/Users/prashantdhingra/e/a3_output/happy-new-year.org/output/content/cards/Diwali/footer.fragment
cards/Diwali/Christmas-4.htm,cards/Diwali/messages-for-christmas.html,yes,merged,/Users/prashantdhingra/e/a3_output/happy-new-year.org/output/content/cards/Diwali/footer.fragment
cards/Diwali/cards.htm,cards/Diwali/cards.html,yes,merged,/Users/prashantdhingra/e/a3_output/happy-new-year.org/output/content/cards/Diwali/footer.fragment
cards/friendship-day/friendship-day-4.htm,cards/friendship-day/index.html,yes,merged,/Users/prashantdhingra/e/a3_output/happy-new-year.org/output/content/cards/friendship-day/footer.fragment
cards/thanksgiving/pictures.htm,cards/thanksgiving/pictures.html,yes,merged,/Users/prashantdhingra/e/a3_output/happy-new-year.org/output/content/cards/thanksgiving/footer.fragment
cards/mothers-day/cards.htm,cards/mothers-day/index.html,yes,merged,/Users/prashantdhingra/e/a3_output/happy-new-year.org/output/content/cards/mothers-day/footer.fragment
cards/Dusshera/Dusshera-4-current.htm,cards/Dusshera/dusshera-day.html,yes,merged,/Users/prashantdhingra/e/a3_output/happy-new-year.org/output/content/cards/Dusshera/footer.fragment
cards/Dusshera/Dusshera-4.htm,cards/Dusshera/messages-for-dusshera.html,yes,merged,/Users/prashantdhingra/e/a3_output/happy-new-year.org/output/content/cards/Dusshera/footer.fragment
cards/countries/pictures.htm,cards/countries/index.html,yes,merged,/Users/prashantdhingra/e/a3_output/happy-new-year.org/output/content/cards/countries/footer.fragment
cards/countries/usa/pictures.htm,cards/countries/usa/index.html,yes,merged,/Users/prashantdhingra/e/a3_output/happy-new-year.org/output/content/cards/countries/usa/footer.fragment
cards/countries/norway/pictures.htm,cards/countries/norway/index.html,yes,merged,/Users/prashantdhingra/e/a3_output/happy-new-year.org/output/content/cards/countries/norway/footer.fragment
cards/countries/france/pictures.htm,cards/countries/france/index.html,yes,merged,/Users/prashantdhingra/e/a3_output/happy-new-year.org/output/content/cards/countries/france/footer.fragment
cards/countries/malaysia/pictures.htm,cards/countries/malaysia/index.html,yes,merged,/Users/prashantdhingra/e/a3_output/happy-new-year.org/output/content/cards/countries/malaysia/footer.fragment
cards/countries/indonesia/pictures.htm,cards/countries/indonesia/index.html,yes,merged,/Users/prashantdhingra/e/a3_output/happy-new-year.org/output/content/cards/countries/indonesia/footer.fragment
cards/countries/spain/pictures.htm,cards/countries/spain/index.html,yes,merged,/Users/prashantdhingra/e/a3_output/happy-new-year.org/output/content/cards/countries/spain/footer.fragment
cards/countries/australia/australia.htm,cards/countries/australia/australia.htm,no,merged,/Users/prashantdhingra/e/a3_output/happy-new-year.org/output/content/cards/countries/australia/footer.fragment
cards/countries/australia/pictures.htm,cards/countries/australia/index.html,yes,merged,/Users/prashantdhingra/e/a3_output/happy-new-year.org/output/content/cards/countries/australia/footer.fragment
cards/countries/japan/pictures.htm,cards/countries/japan/index.html,yes,merged,/Users/prashantdhingra/e/a3_output/happy-new-year.org/output/content/cards/countries/japan/footer.fragment
cards/countries/china/pictures.htm,cards/countries/china/index.html,yes,merged,/Users/prashantdhingra/e/a3_output/happy-new-year.org/output/content/cards/countries/china/footer.fragment
cards/countries/singapore/pictures.htm,cards/countries/singapore/index.html,yes,merged,/Users/prashantdhingra/e/a3_output/happy-new-year.org/output/content/cards/countries/singapore/footer.fragment
cards/countries/uae/pictures.htm,cards/countries/uae/index.html,yes,merged,/Users/prashantdhingra/e/a3_output/happy-new-year.org/output/content/cards/countries/uae/footer.fragment
cards/countries/italy/pictures.htm,cards/countries/italy/index.html,yes,merged,/Users/prashantdhingra/e/a3_output/happy-new-year.org/output/content/cards/countries/italy/footer.fragment
cards/countries/newzealand/pictures.htm,cards/countries/newzealand/index.html,yes,merged,/Users/prashantdhingra/e/a3_output/happy-new-year.org/output/content/cards/countries/newzealand/footer.fragment
cards/valentine-day/gallery.htm,cards/valentine-day/gallery.htm,no,merged,/Users/prashantdhingra/e/a3_output/happy-new-year.org/output/content/cards/valentine-day/footer.fragment
cards/valentine-day/cards.htm,cards/valentine-day/cards.html,yes,merged,/Users/prashantdhingra/e/a3_output/happy-new-year.org/output/content/cards/valentine-day/footer.fragment
cards/valentine-day/cute photos/gallery.htm,cards/valentine-day/cute photos/gallery.htm,no,merged,/Users/prashantdhingra/e/a3_output/happy-new-year.org/output/content/cards/valentine-day/cute photos/footer.fragment
cards/valentine-day/Love-quotes/gallery.htm,cards/valentine-day/Love-quotes/gallery.htm,no,merged,/Users/prashantdhingra/e/a3_output/happy-new-year.org/output/content/cards/valentine-day/Love-quotes/footer.fragment
cards/valentine-day/flower sketches/pictures.htm,cards/valentine-day/flower sketches/pictures.htm,no,merged,/Users/prashantdhingra/e/a3_output/happy-new-year.org/output/content/cards/valentine-day/flower sketches/footer.fragment
assyrian/index.htm,assyrian/index.html,yes,merged,/Users/prashantdhingra/e/a3_output/happy-new-year.org/output/content/assyrian/footer.fragment
2008/2008-news.htm,2008/2008-news.html,yes,merged,/Users/prashantdhingra/e/a3_output/happy-new-year.org/output/content/2008/footer.fragment
2008/2008-oscar-awards.htm,2008/2008-oscar-awards.html,yes,merged,/Users/prashantdhingra/e/a3_output/happy-new-year.org/output/content/2008/footer.fragment
2008/2008-movies.htm,2008/2008-movies.html,yes,merged,/Users/prashantdhingra/e/a3_output/happy-new-year.org/output/content/2008/footer.fragment
2008/news.htm,2008/index.html,yes,merged,/Users/prashantdhingra/e/a3_output/happy-new-year.org/output/content/2008/footer.fragment
tibetan/index.htm,tibetan/index.html,yes,merged,/Users/prashantdhingra/e/a3_output/happy-new-year.org/output/content/tibetan/footer.fragment
2009/2009-oscar-awards.htm,2009/2009-oscar-awards.html,yes,merged,/Users/prashantdhingra/e/a3_output/happy-new-year.org/output/content/2009/footer.fragment
2009/2009-news.htm,2009/2009-news.html,yes,merged,/Users/prashantdhingra/e/a3_output/happy-new-year.org/output/content/2009/footer.fragment
2009/news.htm,2009/index.html,yes,merged,/Users/prashantdhingra/e/a3_output/happy-new-year.org/output/content/2009/footer.fragment
2009/2009-movies.htm,2009/2009-movies.html,yes,merged,/Users/prashantdhingra/e/a3_output/happy-new-year.org/output/content/2009/footer.fragment
celebrations/newealand.htm,celebrations/newealand.html,yes,merged,/Users/prashantdhingra/e/a3_output/happy-new-year.org/output/content/celebrations/footer.fragment
celebrations/new-year-celebration-around-world.html,celebrations/index.html,yes,merged,/Users/prashantdhingra/e/a3_output/happy-new-year.org/output/content/celebrations/footer.fragment
celebrations/las-vegas.htm,celebrations/las-vegas.html,yes,merged,/Users/prashantdhingra/e/a3_output/happy-new-year.org/output/content/celebrations/footer.fragment
celebrations/australia.htm,celebrations/australia.html,yes,merged,/Users/prashantdhingra/e/a3_output/happy-new-year.org/output/content/celebrations/footer.fragment
celebrations/usa.htm,celebrations/usa.html,yes,merged,/Users/prashantdhingra/e/a3_output/happy-new-year.org/output/content/celebrations/footer.fragment
celebrations/north-carolina.htm,celebrations/north-carolina.html,yes,merged,/Users/prashantdhingra/e/a3_output/happy-new-year.org/output/content/celebrations/footer.fragment
celebrations/london.htm,celebrations/london.html,yes,merged,/Users/prashantdhingra/e/a3_output/happy-new-year.org/output/content/celebrations/footer.fragment
celebrations/seattle.htm,celebrations/seattle.html,yes,merged,/Users/prashantdhingra/e/a3_output/happy-new-year.org/output/content/celebrations/footer.fragment
celebrations/california.htm,celebrations/california.html,yes,merged,/Users/prashantdhingra/e/a3_output/happy-new-year.org/output/content/celebrations/footer.fragment
celebrations/paris.htm,celebrations/paris.html,yes,merged,/Users/prashantdhingra/e/a3_output/happy-new-year.org/output/content/celebrations/footer.fragment
celebrations/china.htm,celebrations/china.html,yes,merged,/Users/prashantdhingra/e/a3_output/happy-new-year.org/output/content/celebrations/footer.fragment
celebrations/florida.htm,celebrations/florida.html,yes,merged,/Users/prashantdhingra/e/a3_output/happy-new-year.org/output/content/celebrations/footer.fragment
celebrations/texas.htm,celebrations/texas.html,yes,merged,/Users/prashantdhingra/e/a3_output/happy-new-year.org/output/content/celebrations/footer.fragment
celebrations/mexico.htm,celebrations/mexico.html,yes,merged,/Users/prashantdhingra/e/a3_output/happy-new-year.org/output/content/celebrations/footer.fragment
celebrations/india.htm,celebrations/india.html,yes,merged,/Users/prashantdhingra/e/a3_output/happy-new-year.org/output/content/celebrations/footer.fragment
celebrations/singapore.htm,celebrations/singapore.html,yes,merged,/Users/prashantdhingra/e/a3_output/happy-new-year.org/output/content/celebrations/footer.fragment
celebrations/newyork.htm,celebrations/newyork.html,yes,merged,/Users/prashantdhingra/e/a3_output/happy-new-year.org/output/content/celebrations/footer.fragment
celebrations/hong-kong.htm,celebrations/hong-kong.html,yes,merged,/Users/prashantdhingra/e/a3_output/happy-new-year.org/output/content/celebrations/footer.fragment
celebrations/germany.htm,celebrations/germany.html,yes,merged,/Users/prashantdhingra/e/a3_output/happy-new-year.org/output/content/celebrations/footer.fragment
celebrations/sydney.htm,celebrations/sydney.html,yes,merged,/Users/prashantdhingra/e/a3_output/happy-new-year.org/output/content/celebrations/footer.fragment
celebrations/washington-dc.htm,celebrations/washington-dc.html,yes,merged,/Users/prashantdhingra/e/a3_output/happy-new-year.org/output/content/celebrations/footer.fragment
celebrations/times-square-celebrations.htm,celebrations/times-square-celebrations.html,yes,merged,/Users/prashantdhingra/e/a3_output/happy-new-year.org/output/content/celebrations/footer.fragment
celebrations/united-kingdom.htm,celebrations/united-kingdom.html,yes,merged,/Users/prashantdhingra/e/a3_output/happy-new-year.org/output/content/celebrations/footer.fragment
celebrations/canada.htm,celebrations/canada.html,yes,merged,/Users/prashantdhingra/e/a3_output/happy-new-year.org/output/content/celebrations/footer.fragment
celebrations/party/decorations.htm,celebrations/party/decorations.html,yes,merged,/Users/prashantdhingra/e/a3_output/happy-new-year.org/output/content/celebrations/party/footer.fragment
celebrations/party/party-ideas.htm,celebrations/party/party-ideas.html,yes,merged,/Users/prashantdhingra/e/a3_output/happy-new-year.org/output/content/celebrations/party/footer.fragment
jewish/index.htm,jewish/index.html,yes,merged,/Users/prashantdhingra/e/a3_output/happy-new-year.org/output/content/jewish/footer.fragment
cambodian/index.htm,cambodian/index.html,yes,merged,/Users/prashantdhingra/e/a3_output/happy-new-year.org/output/content/cambodian/footer.fragment
slides/slides.htm,slides/index.html,yes,merged,/Users/prashantdhingra/e/a3_output/happy-new-year.org/output/content/slides/footer.fragment
2017/Panama.htm,2017/holidays-in-panama.html,yes,merged,/Users/prashantdhingra/e/a3_output/happy-new-year.org/output/content/2017/footer.fragment
2017/costa-rica.htm,2017/holidays-in-costa-rica.html,yes,merged,/Users/prashantdhingra/e/a3_output/happy-new-year.org/output/content/2017/footer.fragment
2017/comoros.htm,2017/holidays-in-comoros.html,yes,merged,/Users/prashantdhingra/e/a3_output/happy-new-year.org/output/content/2017/footer.fragment
2017/Papua-New-Guinea.htm,2017/holidays-in-papua-new-guinea.html,yes,merged,/Users/prashantdhingra/e/a3_output/happy-new-year.org/output/content/2017/footer.fragment
2017/North-Korea.htm,2017/north-korea.html,yes,merged,/Users/prashantdhingra/e/a3_output/happy-new-year.org/output/content/2017/footer.fragment
2017/Oman.htm,2017/holidays-in-oman.html,yes,merged,/Users/prashantdhingra/e/a3_output/happy-new-year.org/output/content/2017/footer.fragment
2017/Nigeria.htm,2017/holidays-in-nigeria.html,yes,merged,/Users/prashantdhingra/e/a3_output/happy-new-year.org/output/content/2017/footer.fragment
2017/Saint-Kitts-and-Nevis.htm,2017/holidays-in-saint-kitts-and-nevis.html,yes,merged,/Users/prashantdhingra/e/a3_output/happy-new-year.org/output/content/2017/footer.fragment
2017/burkina-faso.htm,2017/holidays-in-burkina-faso.html,yes,merged,/Users/prashantdhingra/e/a3_output/happy-new-year.org/output/content/2017/footer.fragment
2017/cyprus.htm,2017/holidays-in-cyprus.html,yes,merged,/Users/prashantdhingra/e/a3_output/happy-new-year.org/output/content/2017/footer.fragment
2017/Bermuda.htm,2017/holidays-in-bermuda.html,yes,merged,/Users/prashantdhingra/e/a3_output/happy-new-year.org/output/content/2017/footer.fragment
2017/newzealand.htm,2017/holidays-in-newzealand.html,yes,merged,/Users/prashantdhingra/e/a3_output/happy-new-year.org/output/content/2017/footer.fragment
2017/Montserrat.htm,2017/holidays-in-montserrat.html,yes,merged,/Users/prashantdhingra/e/a3_output/happy-new-year.org/output/content/2017/footer.fragment
2017/Belgium.htm,2017/holidays-in-belgium.html,yes,merged,/Users/prashantdhingra/e/a3_output/happy-new-year.org/output/content/2017/footer.fragment
2017/burundi.htm,2017/holidays-in-burundi.html,yes,merged,/Users/prashantdhingra/e/a3_output/happy-new-year.org/output/content/2017/footer.fragment
2017/czech-republic.htm,2017/holidays-in-czech-republic.html,yes,merged,/Users/prashantdhingra/e/a3_output/happy-new-year.org/output/content/2017/footer.fragment
2017/andorra.htm,2017/holidays-in-andorra.html,yes,merged,/Users/prashantdhingra/e/a3_output/happy-new-year.org/output/content/2017/footer.fragment
2017/Benin.htm,2017/holidays-in-benin.html,yes,merged,/Users/prashantdhingra/e/a3_output/happy-new-year.org/output/content/2017/footer.fragment
2017/Mozambique.htm,2017/holidays-in-mozambique.html,yes,merged,/Users/prashantdhingra/e/a3_output/happy-new-year.org/output/content/2017/footer.fragment
2017/brazil.htm,2017/holidays-in-brazil.html,yes,merged,/Users/prashantdhingra/e/a3_output/happy-new-year.org/output/content/2017/footer.fragment
2017/australia.htm,2017/holidays-in-australia.html,yes,merged,/Users/prashantdhingra/e/a3_output/happy-new-year.org/output/content/2017/footer.fragment
2017/cameroon.htm,2017/holidays-in-cameroon.html,yes,merged,/Users/prashantdhingra/e/a3_output/happy-new-year.org/output/content/2017/footer.fragment
2017/usa.htm,2017/holidays-in-usa.html,yes,merged,/Users/prashantdhingra/e/a3_output/happy-new-year.org/output/content/2017/footer.fragment
2017/Puerto-Rico.htm,2017/holidays-in-puerto-rico.html,yes,merged,/Users/prashantdhingra/e/a3_output/happy-new-year.org/output/content/2017/footer.fragment
2017/Nepal.htm,2017/holidays-in-nepal.html,yes,merged,/Users/prashantdhingra/e/a3_output/happy-new-year.org/output/content/2017/footer.fragment
2017/aruba.htm,2017/holidays-in-aruba.html,yes,merged,/Users/prashantdhingra/e/a3_output/happy-new-year.org/output/content/2017/footer.fragment
2017/curacao.htm,2017/holidays-in-curacao.html,yes,merged,/Users/prashantdhingra/e/a3_output/happy-new-year.org/output/content/2017/footer.fragment
2017/armenia.htm,2017/holidays-in-armenia.html,yes,merged,/Users/prashantdhingra/e/a3_output/happy-new-year.org/output/content/2017/footer.fragment
2017/congo-democratic-republic.htm,2017/holidays-in-congo-democratic-republic.html,yes,merged,/Users/prashantdhingra/e/a3_output/happy-new-year.org/output/content/2017/footer.fragment
2017/Rwanda.htm,2017/holidays-in-rwanda.html,yes,merged,/Users/prashantdhingra/e/a3_output/happy-new-year.org/output/content/2017/footer.fragment
2017/cook-islands.htm,2017/holidays-in-cook-islands.html,yes,merged,/Users/prashantdhingra/e/a3_output/happy-new-year.org/output/content/2017/footer.fragment
2017/cuba.htm,2017/holidays-in-cuba.html,yes,merged,/Users/prashantdhingra/e/a3_output/happy-new-year.org/output/content/2017/footer.fragment
2017/2017-oscar-awards.htm,2017/2017-oscar-awards.html,yes,merged,/Users/prashantdhingra/e/a3_output/happy-new-year.org/output/content/2017/footer.fragment
2017/index.htm,2017/index.html,yes,merged,/Users/prashantdhingra/e/a3_output/happy-new-year.org/output/content/2017/footer.fragment
2017/Namibia.htm,2017/holidays-in-namibia.html,yes,merged,/Users/prashantdhingra/e/a3_output/happy-new-year.org/output/content/2017/footer.fragment
2017/cambodia.htm,2017/holidays-in-cambodia.html,yes,merged,/Users/prashantdhingra/e/a3_output/happy-new-year.org/output/content/2017/footer.fragment
2017/angola.htm,2017/holidays-in-angola.html,yes,merged,/Users/prashantdhingra/e/a3_output/happy-new-year.org/output/content/2017/footer.fragment
2017/Northern.htm,2017/holidays-in-northern.html,yes,merged,/Users/prashantdhingra/e/a3_output/happy-new-year.org/output/content/2017/footer.fragment
2017/Russia.htm,2017/holidays-in-russia.html,yes,merged,/Users/prashantdhingra/e/a3_output/happy-new-year.org/output/content/2017/footer.fragment
2017/afghanistan.htm,2017/holidays-in-afghanistan.html,yes,merged,/Users/prashantdhingra/e/a3_output/happy-new-year.org/output/content/2017/footer.fragment
2017/movies.htm,2017/movies.html,yes,merged,/Users/prashantdhingra/e/a3_output/happy-new-year.org/output/content/2017/footer.fragment
2017/news.htm,2017/index-2.html,yes,"collision, renamed to index-2.html",/Users/prashantdhingra/e/a3_output/happy-new-year.org/output/content/2017/footer.fragment
2017/colombia.htm,2017/holidays-in-colombia.html,yes,merged,/Users/prashantdhingra/e/a3_output/happy-new-year.org/output/content/2017/footer.fragment
2017/Poland.htm,2017/holidays-in-poland.html,yes,merged,/Users/prashantdhingra/e/a3_output/happy-new-year.org/output/content/2017/footer.fragment
2017/china.htm,2017/holidays-in-china.html,yes,merged,/Users/prashantdhingra/e/a3_output/happy-new-year.org/output/content/2017/footer.fragment
2017/argentina.htm,2017/holidays-in-argentina.html,yes,merged,/Users/prashantdhingra/e/a3_output/happy-new-year.org/output/content/2017/footer.fragment
2017/cape-verde.htm,2017/holidays-in-cape-verde.html,yes,merged,/Users/prashantdhingra/e/a3_output/happy-new-year.org/output/content/2017/footer.fragment
2017/Saint-Helena.htm,2017/holidays-in-saint-helena.html,yes,merged,/Users/prashantdhingra/e/a3_output/happy-new-year.org/output/content/2017/footer.fragment
2017/2017-movies.htm,2017/2017-movies.html,yes,merged,/Users/prashantdhingra/e/a3_output/happy-new-year.org/output/content/2017/footer.fragment
2017/ireland.htm,2017/holidays-in-ireland.html,yes,merged,/Users/prashantdhingra/e/a3_output/happy-new-year.org/output/content/2017/footer.fragment
2017/Belize.htm,2017/holidays-in-belize.html,yes,merged,/Users/prashantdhingra/e/a3_output/happy-new-year.org/output/content/2017/footer.fragment
2017/morocco.htm,2017/holidays-in-morocco.html,yes,merged,/Users/prashantdhingra/e/a3_output/happy-new-year.org/output/content/2017/footer.fragment
2017/botswana.htm,2017/holidays-in-botswana.html,yes,merged,/Users/prashantdhingra/e/a3_output/happy-new-year.org/output/content/2017/footer.fragment
2017/Norway.htm,2017/holidays-in-norway.html,yes,merged,/Users/prashantdhingra/e/a3_output/happy-new-year.org/output/content/2017/footer.fragment
2017/Nauru.htm,2017/holidays-in-nauru.html,yes,merged,/Users/prashantdhingra/e/a3_output/happy-new-year.org/output/content/2017/footer.fragment
2017/chile.htm,2017/holidays-in-chile.html,yes,merged,/Users/prashantdhingra/e/a3_output/happy-new-year.org/output/content/2017/footer.fragment
2017/Romania.htm,2017/holidays-in-romania.html,yes,merged,/Users/prashantdhingra/e/a3_output/happy-new-year.org/output/content/2017/footer.fragment
2017/bolvia.htm,2017/holidays-in-bolvia.html,yes,merged,/Users/prashantdhingra/e/a3_output/happy-new-year.org/output/content/2017/footer.fragment
2017/Niger.htm,2017/holidays-in-niger.html,yes,merged,/Users/prashantdhingra/e/a3_output/happy-new-year.org/output/content/2017/footer.fragment
2017/St-Barts.htm,2017/holidays-in-st-barts.html,yes,merged,/Users/prashantdhingra/e/a3_output/happy-new-year.org/output/content/2017/footer.fragment
2017/croatia.htm,2017/holidays-in-croatia.html,yes,merged,/Users/prashantdhingra/e/a3_output/happy-new-year.org/output/content/2017/footer.fragment
2017/india.htm,2017/holidays-in-india.html,yes,merged,/Users/prashantdhingra/e/a3_output/happy-new-year.org/output/content/2017/footer.fragment
2017/albania.htm,2017/holidays-in-albania.html,yes,merged,/Users/prashantdhingra/e/a3_output/happy-new-year.org/output/content/2017/footer.fragment
2017/Philippines.htm,2017/holidays-in-philippines.html,yes,merged,/Users/prashantdhingra/e/a3_output/happy-new-year.org/output/content/2017/footer.fragment
2017/Barbados.htm,2017/holidays-in-barbados.html,yes,merged,/Users/prashantdhingra/e/a3_output/happy-new-year.org/output/content/2017/footer.fragment
2017/bahamas.htm,2017/holidays-in-bahamas.html,yes,merged,/Users/prashantdhingra/e/a3_output/happy-new-year.org/output/content/2017/footer.fragment
2017/brunei.htm,2017/holidays-in-brunei.html,yes,merged,/Users/prashantdhingra/e/a3_output/happy-new-year.org/output/content/2017/footer.fragment
2017/british-virgin-island.htm,2017/holidays-in-british-virgin-island.html,yes,merged,/Users/prashantdhingra/e/a3_output/happy-new-year.org/output/content/2017/footer.fragment
2017/2017-news.htm,2017/2017-news.html,yes,merged,/Users/prashantdhingra/e/a3_output/happy-new-year.org/output/content/2017/footer.fragment
2017/Belarus.htm,2017/holidays-in-belarus.html,yes,merged,/Users/prashantdhingra/e/a3_output/happy-new-year.org/output/content/2017/footer.fragment
2017/uk.htm,2017/holidays-in-uk.html,yes,merged,/Users/prashantdhingra/e/a3_output/happy-new-year.org/output/content/2017/footer.fragment
2017/Palau.htm,2017/holidays-in-palau.html,yes,merged,/Users/prashantdhingra/e/a3_output/happy-new-year.org/output/content/2017/footer.fragment
2017/chad.htm,2017/holidays-in-chad.html,yes,merged,/Users/prashantdhingra/e/a3_output/happy-new-year.org/output/content/2017/footer.fragment
2017/american-samoa.htm,2017/holidays-in-american-samoa.html,yes,merged,/Users/prashantdhingra/e/a3_output/happy-new-year.org/output/content/2017/footer.fragment
2017/Paraguay.htm,2017/holidays-in-paraguay.html,yes,merged,/Users/prashantdhingra/e/a3_output/happy-new-year.org/output/content/2017/footer.fragment
2017/Saint-Lucia.htm,2017/holidays-in-saint-lucia.html,yes,merged,/Users/prashantdhingra/e/a3_output/happy-new-year.org/output/content/2017/footer.fragment
2017/Portugal.htm,2017/holidays-in-holidays-in-portugal.html,yes,merged,/Users/prashantdhingra/e/a3_output/happy-new-year.org/output/content/2017/footer.fragment
2017/central-african-republic.htm,2017/holidays-in-central-african-republic.html,yes,merged,/Users/prashantdhingra/e/a3_output/happy-new-year.org/output/content/2017/footer.fragment
2017/Bangladesh.htm,2017/holidays-in-bangladesh.html,yes,merged,/Users/prashantdhingra/e/a3_output/happy-new-year.org/output/content/2017/footer.fragment
2017/austria.htm,2017/holidays-in-austria.html,yes,merged,/Users/prashantdhingra/e/a3_output/happy-new-year.org/output/content/2017/footer.fragment
2017/antigua-and-barbuda.htm,2017/holidays-in-antigua-and-barbuda.html,yes,merged,/Users/prashantdhingra/e/a3_output/happy-new-year.org/output/content/2017/footer.fragment
2017/myanmar.htm,2017/holidays-in-myanmar.html,yes,merged,/Users/prashantdhingra/e/a3_output/happy-new-year.org/output/content/2017/footer.fragment
2017/Nicaragua.htm,2017/holidays-in-nicaragua.html,yes,merged,/Users/prashantdhingra/e/a3_output/happy-new-year.org/output/content/2017/footer.fragment
2017/bulgaria.htm,2017/holidays-in-bulgaria.html,yes,merged,/Users/prashantdhingra/e/a3_output/happy-new-year.org/output/content/2017/footer.fragment
2017/Pakistan.htm,2017/holidays-in-pakistan.html,yes,merged,/Users/prashantdhingra/e/a3_output/happy-new-year.org/output/content/2017/footer.fragment
2017/bhutan.htm,2017/holidays-in-bhutan.html,yes,merged,/Users/prashantdhingra/e/a3_output/happy-new-year.org/output/content/2017/footer.fragment
2017/azerbaijan.htm,2017/holidays-in-azerbaijan.html,yes,merged,/Users/prashantdhingra/e/a3_output/happy-new-year.org/output/content/2017/footer.fragment
2017/Qatar.htm,2017/holidays-in-qatar.html,yes,merged,/Users/prashantdhingra/e/a3_output/happy-new-year.org/output/content/2017/footer.fragment
2017/anguilla.htm,2017/holidays-in-anguilla.html,yes,merged,/Users/prashantdhingra/e/a3_output/happy-new-year.org/output/content/2017/footer.fragment
2017/bosnia-and-herzegovina.htm,2017/holidays-in-bosnia-and-herzegovina.html,yes,merged,/Users/prashantdhingra/e/a3_output/happy-new-year.org/output/content/2017/footer.fragment
2017/cayman-islands.htm,2017/holidays-in-cayman-islands.html,yes,merged,/Users/prashantdhingra/e/a3_output/happy-new-year.org/output/content/2017/footer.fragment
2017/canada.htm,2017/holidays-in-canada.html,yes,merged,/Users/prashantdhingra/e/a3_output/happy-new-year.org/output/content/2017/footer.fragment
Wallpapers/sankranti-cards-wallpapers.html,Wallpapers/sankranti-cards-wallpapers.html,yes,merged,/Users/prashantdhingra/e/a3_output/happy-new-year.org/output/content/Wallpapers/footer.fragment
Wallpapers/new-year-card-wallpapers.html,Wallpapers/index.html,yes,merged,/Users/prashantdhingra/e/a3_output/happy-new-year.org/output/content/Wallpapers/footer.fragment
Wallpapers/sankranti-wallpapers.html,Wallpapers/sankranti-wallpapers.html,yes,merged,/Users/prashantdhingra/e/a3_output/happy-new-year.org/output/content/Wallpapers/footer.fragment
Wallpapers/wallpaper-detail.html,Wallpapers/wallpaper-detail.html,yes,merged,/Users/prashantdhingra/e/a3_output/happy-new-year.org/output/content/Wallpapers/footer.fragment
Wallpapers/gallery.htm,Wallpapers/gallery.htm,no,merged,/Users/prashantdhingra/e/a3_output/happy-new-year.org/output/content/Wallpapers/footer.fragment
Wallpapers/chinese-new-year-wall-papers.html,Wallpapers/chinese-new-year-wall-papers.html,yes,merged,/Users/prashantdhingra/e/a3_output/happy-new-year.org/output/content/Wallpapers/footer.fragment
Wallpapers/lohri-card-wallpaper.html,Wallpapers/lohri-card-wallpaper.html,yes,merged,/Users/prashantdhingra/e/a3_output/happy-new-year.org/output/content/Wallpapers/footer.fragment
Wallpapers/new-year-cake-wallpaper.html,Wallpapers/new-year-cake-wallpaper.html,yes,merged,/Users/prashantdhingra/e/a3_output/happy-new-year.org/output/content/Wallpapers/footer.fragment
Wallpapers/pictures.htm,Wallpapers/pictures.htm,no,merged,/Users/prashantdhingra/e/a3_output/happy-new-year.org/output/content/Wallpapers/footer.fragment
Wallpapers/pongal-card-wallpaper.html,Wallpapers/pongal-card-wallpaper.html,yes,merged,/Users/prashantdhingra/e/a3_output/happy-new-year.org/output/content/Wallpapers/footer.fragment
Wallpapers/Christmas/gallery.htm,Wallpapers/Christmas/gallery.htm,no,merged,/Users/prashantdhingra/e/a3_output/happy-new-year.org/output/content/Wallpapers/Christmas/footer.fragment
Wallpapers/Christmas/pictures.htm,Wallpapers/Christmas/pictures.htm,no,merged,/Users/prashantdhingra/e/a3_output/happy-new-year.org/output/content/Wallpapers/Christmas/footer.fragment
Wallpapers/Diwali/pictures.htm,Wallpapers/Diwali/pictures.htm,no,merged,/Users/prashantdhingra/e/a3_output/happy-new-year.org/output/content/Wallpapers/Diwali/footer.fragment
gift/gift-dhanterasgovardhan-puja.htm,gift/gift-dhanterasgovardhan-puja.html,yes,merged,/Users/prashantdhingra/e/a3_output/happy-new-year.org/output/content/gift/footer.fragment
gift/gift-mothers-day.htm,gift/gift-mothers-day.html,yes,merged,/Users/prashantdhingra/e/a3_output/happy-new-year.org/output/content/gift/footer.fragment
gift/gift-ram-navami.htm,gift/gift-ram-navami.html,yes,merged,/Users/prashantdhingra/e/a3_output/happy-new-year.org/output/content/gift/footer.fragment
gift/gift-sankranti.htm,gift/gift-sankranti.html,yes,merged,/Users/prashantdhingra/e/a3_output/happy-new-year.org/output/content/gift/footer.fragment
gift/gift-lohri.htm,gift/gift-lohri.html,yes,merged,/Users/prashantdhingra/e/a3_output/happy-new-year.org/output/content/gift/footer.fragment
gift/gift-maha-shivratri.htm,gift/gift-maha-shivratri.html,yes,merged,/Users/prashantdhingra/e/a3_output/happy-new-year.org/output/content/gift/footer.fragment
gift/gift-fathers-day.htm,gift/gift-fathers-day.html,yes,merged,/Users/prashantdhingra/e/a3_output/happy-new-year.org/output/content/gift/footer.fragment
gift/gift-karwa-chauth.htm,gift/gift-karwa-chauth.html,yes,merged,/Users/prashantdhingra/e/a3_output/happy-new-year.org/output/content/gift/footer.fragment
gift/gift-bhi-dooj.htm,gift/gift-bhi-dooj.html,yes,merged,/Users/prashantdhingra/e/a3_output/happy-new-year.org/output/content/gift/footer.fragment
gift/gift-holi.htm,gift/gift-holi.html,yes,merged,/Users/prashantdhingra/e/a3_output/happy-new-year.org/output/content/gift/footer.fragment
gift/gift-ugadinavratri.htm,gift/gift-ugadinavratri.html,yes,merged,/Users/prashantdhingra/e/a3_output/happy-new-year.org/output/content/gift/footer.fragment
gift/gift-govardhan-puja.htm,gift/gift-govardhan-puja.html,yes,merged,/Users/prashantdhingra/e/a3_output/happy-new-year.org/output/content/gift/footer.fragment
gift/gift-dusshera.htm,gift/gift-dusshera.html,yes,merged,/Users/prashantdhingra/e/a3_output/happy-new-year.org/output/content/gift/footer.fragment
gift/gift-valentine-day.htm,gift/gift-valentine-day.html,yes,merged,/Users/prashantdhingra/e/a3_output/happy-new-year.org/output/content/gift/footer.fragment
gift/gift-pongal.htm,gift/gift-pongal.html,yes,merged,/Users/prashantdhingra/e/a3_output/happy-new-year.org/output/content/gift/footer.fragment
gift/gift-onam.htm,gift/gift-onam.html,yes,merged,/Users/prashantdhingra/e/a3_output/happy-new-year.org/output/content/gift/footer.fragment
2010/news.htm,2010/index.html,yes,merged,/Users/prashantdhingra/e/a3_output/happy-new-year.org/output/content/2010/footer.fragment
2010/2010-oscar-awards.htm,2010/2010-oscar-awards.html,yes,merged,/Users/prashantdhingra/e/a3_output/happy-new-year.org/output/content/2010/footer.fragment
2010/2010-news.htm,2010/2010-news.html,yes,merged,/Users/prashantdhingra/e/a3_output/happy-new-year.org/output/content/2010/footer.fragment
2010/2010-movies.htm,2010/2010-movies.html,yes,merged,/Users/prashantdhingra/e/a3_output/happy-new-year.org/output/content/2010/footer.fragment
search/search-pink-fixed.html,search/search-pink.html,yes,merged,/Users/prashantdhingra/e/a3_output/happy-new-year.org/output/content/search/footer.fragment
japanese-new-year/japanese-new-year.html,japanese-new-year/index.html,yes,merged,/Users/prashantdhingra/e/a3_output/happy-new-year.org/output/content/japanese-new-year/footer.fragment
2026/2026-shraddh-dates.html,2026/2026-shraddh-dates.html,yes,merged,/Users/prashantdhingra/e/a3_output/happy-new-year.org/output/content/2026/footer.fragment
2026/a-z-mothers-day-wishes.html,2026/26-mothers-day-wishes.html,yes,merged,/Users/prashantdhingra/e/a3_output/happy-new-year.org/output/content/2026/footer.fragment
2026/a-z-diwali-wishes.html,2026/26-deepawali-wishes.html,yes,merged,/Users/prashantdhingra/e/a3_output/happy-new-year.org/output/content/2026/footer.fragment
2026/2026-news.html,2026/2026-news.html,yes,merged,/Users/prashantdhingra/e/a3_output/happy-new-year.org/output/content/2026/footer.fragment
2026/26-telugu-wishes.html,2026/26-telugu-wishes.html,yes,merged,/Users/prashantdhingra/e/a3_output/happy-new-year.org/output/content/2026/footer.fragment
2026/a-z-chinese-new-year-wishes.html,2026/26-chinese-new-year-wishes.html,yes,merged,/Users/prashantdhingra/e/a3_output/happy-new-year.org/output/content/2026/footer.fragment
2026/a-z-easter-wishes.html,2026/26-easter-wishes.html,yes,merged,/Users/prashantdhingra/e/a3_output/happy-new-year.org/output/content/2026/footer.fragment
2026/wishes-hub-themed.html,2026/index.html,yes,merged,/Users/prashantdhingra/e/a3_output/happy-new-year.org/output/content/2026/footer.fragment
2026/a-z-new-year-wishes.html,2026/26-new-year-wishes.html,yes,merged,/Users/prashantdhingra/e/a3_output/happy-new-year.org/output/content/2026/footer.fragment
2026/a-z-lohri-wishes.html,2026/26-lohri-wishes.html,yes,merged,/Users/prashantdhingra/e/a3_output/happy-new-year.org/output/content/2026/footer.fragment
2026/pitru-paksha-2026-pink-theme.html,2026/pitru-paksha-2026.html,yes,merged,/Users/prashantdhingra/e/a3_output/happy-new-year.org/output/content/2026/footer.fragment
2026/a-z-makarsankranti-wishes.html,2026/26-makarsankranti-wishes.html,yes,merged,/Users/prashantdhingra/e/a3_output/happy-new-year.org/output/content/2026/footer.fragment
2026/a-z-thanks-giving.html,2026/26-thanks-giving-wishes.html,yes,merged,/Users/prashantdhingra/e/a3_output/happy-new-year.org/output/content/2026/footer.fragment
2026/hindu-festivals-2026.html,2026/hindu-festivals-2026.html,yes,merged,/Users/prashantdhingra/e/a3_output/happy-new-year.org/output/content/2026/footer.fragment
2026/happy-new-year-2026.html,2026/happy-new-year-2026.html,yes,merged,/Users/prashantdhingra/e/a3_output/happy-new-year.org/output/content/2026/footer.fragment
2026/2026-festival-holidays-world.html,2026/2026-festival-holidays-world.html,yes,merged,/Users/prashantdhingra/e/a3_output/happy-new-year.org/output/content/2026/footer.fragment
2026/a-z-wishes-fathers-day.html,2026/26-fathers-day-wishes.html,yes,merged,/Users/prashantdhingra/e/a3_output/happy-new-year.org/output/content/2026/footer.fragment
2026/new-year-search-trends.html,2026/new-year-search-trends.html,yes,merged,/Users/prashantdhingra/e/a3_output/happy-new-year.org/output/content/2026/footer.fragment
2026/2026-festival-calendar.html,2026/2026-festival-calendar.html,yes,merged,/Users/prashantdhingra/e/a3_output/happy-new-year.org/output/content/2026/footer.fragment
2026/26-bihari-wishes.html,2026/26-bihari-wishes.html,yes,merged,/Users/prashantdhingra/e/a3_output/happy-new-year.org/output/content/2026/footer.fragment
2026/a-z-holi-wishes.html,2026/26-holi-wishes.html,yes,merged,/Users/prashantdhingra/e/a3_output/happy-new-year.org/output/content/2026/footer.fragment
2026/newyear-26-wishes.html,2026/newyear-26-wishes.html,yes,merged,/Users/prashantdhingra/e/a3_output/happy-new-year.org/output/content/2026/footer.fragment
2026/2026-festival-holidays-all-countries.html,2026/2026-festival-holidays-all-countries.html,yes,merged,/Users/prashantdhingra/e/a3_output/happy-new-year.org/output/content/2026/footer.fragment
2026/2026_dashboard.html,2026/2026_dashboard.html,yes,merged,/Users/prashantdhingra/e/a3_output/happy-new-year.org/output/content/2026/footer.fragment
2026/26-rajasthani-new-year-wishes.html,2026/26-rajasthani-new-year-wishes.html,yes,merged,/Users/prashantdhingra/e/a3_output/happy-new-year.org/output/content/2026/footer.fragment
2026/26-wishes.html,2026/26-greetings.html,yes,merged,/Users/prashantdhingra/e/a3_output/happy-new-year.org/output/content/2026/footer.fragment
2026/26-hindi-wishes.html,2026/26-hindi-wishes.html,yes,merged,/Users/prashantdhingra/e/a3_output/happy-new-year.org/output/content/2026/footer.fragment
2026/2026-festival-countdown.html,2026/2026-festival-countdown.html,yes,merged,/Users/prashantdhingra/e/a3_output/happy-new-year.org/output/content/2026/footer.fragment
2026/26-tamil-wishes.html,2026/26-tamil-wishes.html,yes,merged,/Users/prashantdhingra/e/a3_output/happy-new-year.org/output/content/2026/footer.fragment
2026/2026-digital-outlook-trends-forecast.html,2026/2026-digital-outlook-trends-forecast.html,yes,merged,/Users/prashantdhingra/e/a3_output/happy-new-year.org/output/content/2026/footer.fragment
2026/a-z-christmas-wishes.html,2026/26-christmas-wishes.html,yes,merged,/Users/prashantdhingra/e/a3_output/happy-new-year.org/output/content/2026/footer.fragment
2026/26-marwari-wishes.html,2026/26-marwari-wishes.html,yes,merged,/Users/prashantdhingra/e/a3_output/happy-new-year.org/output/content/2026/footer.fragment
2026/a-z-diwali-wishes-red.html,2026/26-diwali-wishes.html,yes,merged,/Users/prashantdhingra/e/a3_output/happy-new-year.org/output/content/2026/footer.fragment
zulu/index.htm,zulu/index.html,yes,merged,/Users/prashantdhingra/e/a3_output/happy-new-year.org/output/content/zulu/footer.fragment
2019/2019-news.htm,2019/2019-news.html,yes,merged,/Users/prashantdhingra/e/a3_output/happy-new-year.org/output/content/2019/footer.fragment
2019/movies.htm,2019/movies.html,yes,merged,/Users/prashantdhingra/e/a3_output/happy-new-year.org/output/content/2019/footer.fragment
2019/news.htm,2019/index.html,yes,merged,/Users/prashantdhingra/e/a3_output/happy-new-year.org/output/content/2019/footer.fragment
2019/2019-movies.htm,2019/2019-movies.html,yes,merged,/Users/prashantdhingra/e/a3_output/happy-new-year.org/output/content/2019/footer.fragment
2021/2021-news.htm,2021/2021-news.html,yes,merged,/Users/prashantdhingra/e/a3_output/happy-new-year.org/output/content/2021/footer.fragment
2021/2021-movies.htm,2021/2021-movies.html,yes,merged,/Users/prashantdhingra/e/a3_output/happy-new-year.org/output/content/2021/footer.fragment
2021/movies.htm,2021/movies.html,yes,merged,/Users/prashantdhingra/e/a3_output/happy-new-year.org/output/content/2021/footer.fragment
2021/news.htm,2021/index.html,yes,merged,/Users/prashantdhingra/e/a3_output/happy-new-year.org/output/content/2021/footer.fragment
pagan/index.htm,pagan/index.html,yes,merged,/Users/prashantdhingra/e/a3_output/happy-new-year.org/output/content/pagan/footer.fragment
2020/2020-news.htm,2020/2020-news.html,yes,merged,/Users/prashantdhingra/e/a3_output/happy-new-year.org/output/content/2020/footer.fragment
2020/movies.htm,2020/movies.html,yes,merged,/Users/prashantdhingra/e/a3_output/happy-new-year.org/output/content/2020/footer.fragment
2020/news.htm,2020/index.html,yes,merged,/Users/prashantdhingra/e/a3_output/happy-new-year.org/output/content/2020/footer.fragment
2020/2020-movies.htm,2020/2020-movies.html,yes,merged,/Users/prashantdhingra/e/a3_output/happy-new-year.org/output/content/2020/footer.fragment
2020/2020-oscar-awards.htm,2020/2020-oscar-awards.html,yes,merged,/Users/prashantdhingra/e/a3_output/happy-new-year.org/output/content/2020/footer.fragment
ugadi-hindu-new-year/quotes-ugadinavratri.htm,ugadi-hindu-new-year/quotes-ugadinavratri.html,yes,merged,/Users/prashantdhingra/e/a3_output/happy-new-year.org/output/content/ugadi-hindu-new-year/footer.fragment
2027/2027-festivals-countdown.html,2027/2027-festivals-countdown.html,yes,merged,/Users/prashantdhingra/e/a3_output/happy-new-year.org/output/content/2027/footer.fragment
2018/2018-news.htm,2018/2018-news.html,yes,merged,/Users/prashantdhingra/e/a3_output/happy-new-year.org/output/content/2018/footer.fragment
2018/2018-oscar-awards.htm,2018/2018-oscar-awards.html,yes,merged,/Users/prashantdhingra/e/a3_output/happy-new-year.org/output/content/2018/footer.fragment
2018/movies.htm,2018/movies.html,yes,merged,/Users/prashantdhingra/e/a3_output/happy-new-year.org/output/content/2018/footer.fragment
2018/news.htm,2018/index.html,yes,merged,/Users/prashantdhingra/e/a3_output/happy-new-year.org/output/content/2018/footer.fragment
2018/2018-movies.htm,2018/2018-movies.html,yes,merged,/Users/prashantdhingra/e/a3_output/happy-new-year.org/output/content/2018/footer.fragment
2011/2011-movies.htm,2011/2011-movies.html,yes,merged,/Users/prashantdhingra/e/a3_output/happy-new-year.org/output/content/2011/footer.fragment
2011/news.htm,2011/index.html,yes,merged,/Users/prashantdhingra/e/a3_output/happy-new-year.org/output/content/2011/footer.fragment
2011/2011-news.htm,2011/2011-news.html,yes,merged,/Users/prashantdhingra/e/a3_output/happy-new-year.org/output/content/2011/footer.fragment
2011/2011-oscar-awards.htm,2011/2011-oscar-awards.html,yes,merged,/Users/prashantdhingra/e/a3_output/happy-new-year.org/output/content/2011/footer.fragment
2016/top-hindi-movies.htm,2016/top-hindi-movies.html,yes,merged,/Users/prashantdhingra/e/a3_output/happy-new-year.org/output/content/2016/footer.fragment
2016/2016-movies.htm,2016/2016-movies.html,yes,merged,/Users/prashantdhingra/e/a3_output/happy-new-year.org/output/content/2016/footer.fragment
2016/oscar.htm,2016/oscar.html,yes,merged,/Users/prashantdhingra/e/a3_output/happy-new-year.org/output/content/2016/footer.fragment
2016/top-50-universities.htm,2016/top-50-universities-of-usa.html,yes,merged,/Users/prashantdhingra/e/a3_output/happy-new-year.org/output/content/2016/footer.fragment
2016/real-estate-31.htm,2016/51-real-estate-news.html,yes,merged,/Users/prashantdhingra/e/a3_output/happy-new-year.org/output/content/2016/footer.fragment
2016/2016-special-places.htm,2016/special-places-to-visit-in-2016.html,yes,merged,/Users/prashantdhingra/e/a3_output/happy-new-year.org/output/content/2016/footer.fragment
2016/top-movies.htm,2016/top-movies.html,yes,merged,/Users/prashantdhingra/e/a3_output/happy-new-year.org/output/content/2016/footer.fragment
2016/top-news.htm,2016/top-news.html,yes,merged,/Users/prashantdhingra/e/a3_output/happy-new-year.org/output/content/2016/footer.fragment
2016/top-cars.htm,2016/top-cars.html,yes,merged,/Users/prashantdhingra/e/a3_output/happy-new-year.org/output/content/2016/footer.fragment
2016/movies.htm,2016/movies.html,yes,merged,/Users/prashantdhingra/e/a3_output/happy-new-year.org/output/content/2016/footer.fragment
2016/news.htm,2016/index.html,yes,merged,/Users/prashantdhingra/e/a3_output/happy-new-year.org/output/content/2016/footer.fragment
2016/top-gadgets.htm,2016/top-gadgets.html,yes,merged,/Users/prashantdhingra/e/a3_output/happy-new-year.org/output/content/2016/footer.fragment
2016/grammy.htm,2016/grammy.html,yes,merged,/Users/prashantdhingra/e/a3_output/happy-new-year.org/output/content/2016/footer.fragment
2016/tax-31.htm,2016/51-tax-news.html,yes,merged,/Users/prashantdhingra/e/a3_output/happy-new-year.org/output/content/2016/footer.fragment
2016/noble-prizes.htm,2016/noble-prizes.html,yes,merged,/Users/prashantdhingra/e/a3_output/happy-new-year.org/output/content/2016/footer.fragment
2016/2017-news.htm,2016/2017-news.html,yes,merged,/Users/prashantdhingra/e/a3_output/happy-new-year.org/output/content/2016/footer.fragment
2016/2016-news.htm,2016/2016-news.html,yes,merged,/Users/prashantdhingra/e/a3_output/happy-new-year.org/output/content/2016/footer.fragment
2016/stocks-31.htm,2016/51-stock-news.html,yes,merged,/Users/prashantdhingra/e/a3_output/happy-new-year.org/output/content/2016/footer.fragment
2016/Mar/news.htm,2016/Mar/index.html,yes,merged,/Users/prashantdhingra/e/a3_output/happy-new-year.org/output/content/2016/Mar/footer.fragment
2016/olympics/11.htm,2016/olympics/11-aug.html,yes,merged,/Users/prashantdhingra/e/a3_output/happy-new-year.org/output/content/2016/olympics/footer.fragment
2016/olympics/10.htm,2016/olympics/10th-aug.html,yes,merged,/Users/prashantdhingra/e/a3_output/happy-new-year.org/output/content/2016/olympics/footer.fragment
2016/olympics/12.htm,2016/olympics/12-aug.html,yes,merged,/Users/prashantdhingra/e/a3_output/happy-new-year.org/output/content/2016/olympics/footer.fragment
2016/olympics/13.htm,2016/olympics/13th-aug.html,yes,merged,/Users/prashantdhingra/e/a3_output/happy-new-year.org/output/content/2016/olympics/footer.fragment
2016/olympics/17.htm,2016/olympics/17th-aug.html,yes,merged,/Users/prashantdhingra/e/a3_output/happy-new-year.org/output/content/2016/olympics/footer.fragment
2016/olympics/16.htm,2016/olympics/16th-aug.html,yes,merged,/Users/prashantdhingra/e/a3_output/happy-new-year.org/output/content/2016/olympics/footer.fragment
2016/olympics/14.htm,2016/olympics/14th-aug.html,yes,merged,/Users/prashantdhingra/e/a3_output/happy-new-year.org/output/content/2016/olympics/footer.fragment
2016/olympics/15.htm,2016/olympics/15th-aug.html,yes,merged,/Users/prashantdhingra/e/a3_output/happy-new-year.org/output/content/2016/olympics/footer.fragment
2016/olympics/5-opening.htm,2016/olympics/index.html,yes,merged,/Users/prashantdhingra/e/a3_output/happy-new-year.org/output/content/2016/olympics/footer.fragment
2016/olympics/8.htm,2016/olympics/8th-aug.html,yes,merged,/Users/prashantdhingra/e/a3_output/happy-new-year.org/output/content/2016/olympics/footer.fragment
2016/olympics/olympics-2.htm,2016/olympics/index-2.html,yes,"collision, renamed to index-2.html",/Users/prashantdhingra/e/a3_output/happy-new-year.org/output/content/2016/olympics/footer.fragment
2016/olympics/9.htm,2016/olympics/9th-aug.html,yes,merged,/Users/prashantdhingra/e/a3_output/happy-new-year.org/output/content/2016/olympics/footer.fragment
2016/olympics/olympics.htm,2016/olympics/day-by-day-schedule.html,yes,merged,/Users/prashantdhingra/e/a3_output/happy-new-year.org/output/content/2016/olympics/footer.fragment
2016/olympics/teams.htm,2016/olympics/teams.html,yes,merged,/Users/prashantdhingra/e/a3_output/happy-new-year.org/output/content/2016/olympics/footer.fragment
2016/olympics/7.htm,2016/olympics/7th-aug.html,yes,merged,/Users/prashantdhingra/e/a3_output/happy-new-year.org/output/content/2016/olympics/footer.fragment
2016/olympics/6.htm,2016/olympics/6th-aug.html,yes,merged,/Users/prashantdhingra/e/a3_output/happy-new-year.org/output/content/2016/olympics/footer.fragment
2016/olympics/5.htm,2016/olympics/index-3.html,yes,"collision, renamed to index-3.html",/Users/prashantdhingra/e/a3_output/happy-new-year.org/output/content/2016/olympics/footer.fragment
2016/olympics/18.htm,2016/olympics/18th-aug.html,yes,merged,/Users/prashantdhingra/e/a3_output/happy-new-year.org/output/content/2016/olympics/footer.fragment
2016/olympics/19.htm,2016/olympics/19th-aug.html,yes,merged,/Users/prashantdhingra/e/a3_output/happy-new-year.org/output/content/2016/olympics/footer.fragment
2016/olympics/medals-scorecard.htm,2016/olympics/index-4.html,yes,"collision, renamed to index-4.html",/Users/prashantdhingra/e/a3_output/happy-new-year.org/output/content/2016/olympics/footer.fragment
2016/olympics/21.htm,2016/olympics/21st-aug.html,yes,merged,/Users/prashantdhingra/e/a3_output/happy-new-year.org/output/content/2016/olympics/footer.fragment
2016/olympics/20.htm,2016/olympics/20th-aug.html,yes,merged,/Users/prashantdhingra/e/a3_output/happy-new-year.org/output/content/2016/olympics/footer.fragment
2016/Feb/news.htm,2016/Feb/index.html,yes,merged,/Users/prashantdhingra/e/a3_output/happy-new-year.org/output/content/2016/Feb/footer.fragment
2016/Aug/news.htm,2016/Aug/index.html,yes,merged,/Users/prashantdhingra/e/a3_output/happy-new-year.org/output/content/2016/Aug/footer.fragment
2016/Jan/news.htm,2016/Jan/index.html,yes,merged,/Users/prashantdhingra/e/a3_output/happy-new-year.org/output/content/2016/Jan/footer.fragment
2016/Sep/news.htm,2016/Sep/index.html,yes,merged,/Users/prashantdhingra/e/a3_output/happy-new-year.org/output/content/2016/Sep/footer.fragment
2016/Jul/news.htm,2016/Jul/index.html,yes,merged,/Users/prashantdhingra/e/a3_output/happy-new-year.org/output/content/2016/Jul/footer.fragment
2016/Oct/news.htm,2016/Oct/index.html,yes,merged,/Users/prashantdhingra/e/a3_output/happy-new-year.org/output/content/2016/Oct/footer.fragment
2016/May/news.htm,2016/May/index.html,yes,merged,/Users/prashantdhingra/e/a3_output/happy-new-year.org/output/content/2016/May/footer.fragment
2016/Apr/news.htm,2016/Apr/index.html,yes,merged,/Users/prashantdhingra/e/a3_output/happy-new-year.org/output/content/2016/Apr/footer.fragment
2016/Dec/news.htm,2016/Dec/index.html,yes,merged,/Users/prashantdhingra/e/a3_output/happy-new-year.org/output/content/2016/Dec/footer.fragment
2016/Nov/news.htm,2016/Nov/index.html,yes,merged,/Users/prashantdhingra/e/a3_output/happy-new-year.org/output/content/2016/Nov/footer.fragment
2016/Jun/news.htm,2016/Jun/index.html,yes,merged,/Users/prashantdhingra/e/a3_output/happy-new-year.org/output/content/2016/Jun/footer.fragment
wishes/new-year-and-wishes-around-the-world.htm,wishes/new-year-and-wishes-around-the-world.html,yes,merged,/Users/prashantdhingra/e/a3_output/happy-new-year.org/output/content/wishes/footer.fragment
wishes/new-year-wishes-for-everyone.html,wishes/index.html,yes,merged,/Users/prashantdhingra/e/a3_output/happy-new-year.org/output/content/wishes/footer.fragment
wishes/new-year-wishes-in-100-langauges.html,wishes/new-year-wishes-in-100-langauges.html,yes,merged,/Users/prashantdhingra/e/a3_output/happy-new-year.org/output/content/wishes/footer.fragment
wishes/grand-parents.htm,wishes/grand-parents.html,yes,merged,/Users/prashantdhingra/e/a3_output/happy-new-year.org/output/content/wishes/footer.fragment
wishes/wishes-professional.htm,wishes/wishes-professional.html,yes,merged,/Users/prashantdhingra/e/a3_output/happy-new-year.org/output/content/wishes/footer.fragment
wishes/son.htm,wishes/son.html,yes,merged,/Users/prashantdhingra/e/a3_output/happy-new-year.org/output/content/wishes/footer.fragment
wishes/wishes-kids.htm,wishes/wishes-kids.html,yes,merged,/Users/prashantdhingra/e/a3_output/happy-new-year.org/output/content/wishes/footer.fragment
wishes/parents.htm,wishes/parents.html,yes,merged,/Users/prashantdhingra/e/a3_output/happy-new-year.org/output/content/wishes/footer.fragment
wishes/grand-children.htm,wishes/grand-children.html,yes,merged,/Users/prashantdhingra/e/a3_output/happy-new-year.org/output/content/wishes/footer.fragment
wishes/happy_new_year_2026_multilingual_greetings_webpage.html,wishes/happy_new_year_2026_multilingual_greetings_webpage.html,yes,merged,/Users/prashantdhingra/e/a3_output/happy-new-year.org/output/content/wishes/footer.fragment
wishes/christmas-wishes-by-audience.html,wishes/christmas-wishes-by-audience.html,yes,merged,/Users/prashantdhingra/e/a3_output/happy-new-year.org/output/content/wishes/footer.fragment
wishes/wishes.htm,wishes/index-2.html,yes,"collision, renamed to index-2.html",/Users/prashantdhingra/e/a3_output/happy-new-year.org/output/content/wishes/footer.fragment
wishes/happy-new-year-2026-wishes-in-100-langauges.html,wishes/happy-new-year-2026-wishes-in-100-langauges.html,yes,merged,/Users/prashantdhingra/e/a3_output/happy-new-year.org/output/content/wishes/footer.fragment
wishes/facebook.htm,wishes/facebook.html,yes,merged,/Users/prashantdhingra/e/a3_output/happy-new-year.org/output/content/wishes/footer.fragment
wishes/different-languages.htm,wishes/different-languages.htm,no,merged,/Users/prashantdhingra/e/a3_output/happy-new-year.org/output/content/wishes/footer.fragment
wishes/new-year-wishes-in-100-langauges.htm,wishes/new-year-wishes-in-100-langauges-2.html,yes,"collision, renamed to new-year-wishes-in-100-langauges-2.html",/Users/prashantdhingra/e/a3_output/happy-new-year.org/output/content/wishes/footer.fragment
wishes/happy_new_year_2026_multilingual_greetings_webpage_with_voice.html,wishes/happy_new_year_2026_multilingual_greetings_webpage_with_voice.html,yes,merged,/Users/prashantdhingra/e/a3_output/happy-new-year.org/output/content/wishes/footer.fragment
wishes/gen.htm,wishes/1.html,yes,merged,/Users/prashantdhingra/e/a3_output/happy-new-year.org/output/content/wishes/footer.fragment
wishes/10-popular-languages.htm,wishes/10-popular-languages.html,yes,merged,/Users/prashantdhingra/e/a3_output/happy-new-year.org/output/content/wishes/footer.fragment
wishes/new-year-and-wishes-around-the-world.html,wishes/new-year-and-wishes-around-the-world-2.html,yes,"collision, renamed to new-year-and-wishes-around-the-world-2.html",/Users/prashantdhingra/e/a3_output/happy-new-year.org/output/content/wishes/footer.fragment
wishes/linkedin.htm,wishes/linkedin.html,yes,merged,/Users/prashantdhingra/e/a3_output/happy-new-year.org/output/content/wishes/footer.fragment
wishes/wishes-spouse.htm,wishes/wishes-spouse.html,yes,merged,/Users/prashantdhingra/e/a3_output/happy-new-year.org/output/content/wishes/footer.fragment
wishes/wishes-relatives.htm,wishes/wishes-relatives.html,yes,merged,/Users/prashantdhingra/e/a3_output/happy-new-year.org/output/content/wishes/footer.fragment
wishes/happy-new-year-2026-wishes-in-100-langauges.htm,wishes/happy-new-year-2026-wishes-in-100-langauges-2.html,yes,"collision, renamed to happy-new-year-2026-wishes-in-100-langauges-2.html",/Users/prashantdhingra/e/a3_output/happy-new-year.org/output/content/wishes/footer.fragment
wishes/wishes-parents.htm,wishes/wishes-parents.html,yes,merged,/Users/prashantdhingra/e/a3_output/happy-new-year.org/output/content/wishes/footer.fragment
wishes/quotes.htm,wishes/quotes.html,yes,merged,/Users/prashantdhingra/e/a3_output/happy-new-year.org/output/content/wishes/footer.fragment
wishes/100-languages/dussehra-wishes.html,wishes/100-languages/dussehra.html,yes,merged,/Users/prashantdhingra/e/a3_output/happy-new-year.org/output/content/wishes/100-languages/footer.fragment
wishes/100-languages/rakhi-wishes.html,wishes/100-languages/rakhi.html,yes,merged,/Users/prashantdhingra/e/a3_output/happy-new-year.org/output/content/wishes/100-languages/footer.fragment
wishes/100-languages/makar-sankranti-wishes.html,wishes/100-languages/makar-sankranti.html,yes,merged,/Users/prashantdhingra/e/a3_output/happy-new-year.org/output/content/wishes/100-languages/footer.fragment
wishes/100-languages/valentine-wishes.html,wishes/100-languages/valentine.html,yes,merged,/Users/prashantdhingra/e/a3_output/happy-new-year.org/output/content/wishes/100-languages/footer.fragment
wishes/100-languages/new-year-wishes.html,wishes/100-languages/index.html,yes,merged,/Users/prashantdhingra/e/a3_output/happy-new-year.org/output/content/wishes/100-languages/footer.fragment
wishes/100-languages/lohri-wishes.html,wishes/100-languages/lohri.html,yes,merged,/Users/prashantdhingra/e/a3_output/happy-new-year.org/output/content/wishes/100-languages/footer.fragment
wishes/100-languages/christmas-wishes.html,wishes/100-languages/christmas.html,yes,merged,/Users/prashantdhingra/e/a3_output/happy-new-year.org/output/content/wishes/100-languages/footer.fragment
wishes/100-languages/diwali-wishes.html,wishes/100-languages/diwali.html,yes,merged,/Users/prashantdhingra/e/a3_output/happy-new-year.org/output/content/wishes/100-languages/footer.fragment
wishes/100-languages/onam-wishes.html,wishes/100-languages/onam.html,yes,merged,/Users/prashantdhingra/e/a3_output/happy-new-year.org/output/content/wishes/100-languages/footer.fragment
wishes/100-languages/maha-shivratri-wishes.html,wishes/100-languages/maha-shivratri.html,yes,merged,/Users/prashantdhingra/e/a3_output/happy-new-year.org/output/content/wishes/100-languages/footer.fragment
wishes/100-languages/pongal-wishes.html,wishes/100-languages/pongal.html,yes,merged,/Users/prashantdhingra/e/a3_output/happy-new-year.org/output/content/wishes/100-languages/footer.fragment
wishes/100-languages/thanksgiving-wishes.html,wishes/100-languages/thanksgiving.html,yes,merged,/Users/prashantdhingra/e/a3_output/happy-new-year.org/output/content/wishes/100-languages/footer.fragment
wishes/in-languages/all.htm,wishes/in-languages/index.html,yes,merged,/Users/prashantdhingra/e/a3_output/happy-new-year.org/output/content/wishes/in-languages/footer.fragment
news/2014-news.htm,news/2014-news.html,yes,merged,/Users/prashantdhingra/e/a3_output/happy-new-year.org/output/content/news/footer.fragment
news/2015-news.htm,news/2015-news.html,yes,merged,/Users/prashantdhingra/e/a3_output/happy-new-year.org/output/content/news/footer.fragment
news/2020-news.htm,news/2020-news.html,yes,merged,/Users/prashantdhingra/e/a3_output/happy-new-year.org/output/content/news/footer.fragment
news/2021-news.htm,news/2021-news.html,yes,merged,/Users/prashantdhingra/e/a3_output/happy-new-year.org/output/content/news/footer.fragment
news/2009-news.htm,news/2009-news.html,yes,merged,/Users/prashantdhingra/e/a3_output/happy-new-year.org/output/content/news/footer.fragment
news/2008-news.htm,news/2008-news.html,yes,merged,/Users/prashantdhingra/e/a3_output/happy-new-year.org/output/content/news/footer.fragment
news/2013-news.htm,news/2013-news.html,yes,merged,/Users/prashantdhingra/e/a3_output/happy-new-year.org/output/content/news/footer.fragment
news/2012-news.htm,news/2012-news.html,yes,merged,/Users/prashantdhingra/e/a3_output/happy-new-year.org/output/content/news/footer.fragment
news/2019-news.htm,news/2019-news.html,yes,merged,/Users/prashantdhingra/e/a3_output/happy-new-year.org/output/content/news/footer.fragment
news/2018-news.htm,news/2018-news.html,yes,merged,/Users/prashantdhingra/e/a3_output/happy-new-year.org/output/content/news/footer.fragment
news/2017-news.htm,news/2017-news.html,yes,merged,/Users/prashantdhingra/e/a3_output/happy-new-year.org/output/content/news/footer.fragment
news/2016-news.htm,news/2016-news.html,yes,merged,/Users/prashantdhingra/e/a3_output/happy-new-year.org/output/content/news/footer.fragment
news/2010-news.htm,news/2010-news.html,yes,merged,/Users/prashantdhingra/e/a3_output/happy-new-year.org/output/content/news/footer.fragment
news/2011-news.htm,news/2011-news.html,yes,merged,/Users/prashantdhingra/e/a3_output/happy-new-year.org/output/content/news/footer.fragment
news/nobal-prize/2011-nobal-prize.htm,news/nobal-prize/2011-nobal-prize.html,yes,merged,/Users/prashantdhingra/e/a3_output/happy-new-year.org/output/content/news/nobal-prize/footer.fragment
news/nobal-prize/2016-nobal-prize.htm,news/nobal-prize/2016-nobal-prize.html,yes,merged,/Users/prashantdhingra/e/a3_output/happy-new-year.org/output/content/news/nobal-prize/footer.fragment
news/nobal-prize/2019-nobal-prize.htm,news/nobal-prize/2019-nobal-prize.html,yes,merged,/Users/prashantdhingra/e/a3_output/happy-new-year.org/output/content/news/nobal-prize/footer.fragment
news/nobal-prize/2017-nobal-prize.htm,news/nobal-prize/2017-nobal-prize.html,yes,merged,/Users/prashantdhingra/e/a3_output/happy-new-year.org/output/content/news/nobal-prize/footer.fragment
news/nobal-prize/2018-nobal-prize.htm,news/nobal-prize/2018-nobal-prize.html,yes,merged,/Users/prashantdhingra/e/a3_output/happy-new-year.org/output/content/news/nobal-prize/footer.fragment
news/nobal-prize/2009-nobal-prize.htm,news/nobal-prize/2009-nobal-prize.html,yes,merged,/Users/prashantdhingra/e/a3_output/happy-new-year.org/output/content/news/nobal-prize/footer.fragment
news/nobal-prize/2010-nobal-prize.htm,news/nobal-prize/2010-nobal-prize.html,yes,merged,/Users/prashantdhingra/e/a3_output/happy-new-year.org/output/content/news/nobal-prize/footer.fragment
news/nobal-prize/2015-nobal-prize.htm,news/nobal-prize/2015-nobal-prize.html,yes,merged,/Users/prashantdhingra/e/a3_output/happy-new-year.org/output/content/news/nobal-prize/footer.fragment
news/nobal-prize/2020-nobal-prize.htm,news/nobal-prize/2020-nobal-prize.html,yes,merged,/Users/prashantdhingra/e/a3_output/happy-new-year.org/output/content/news/nobal-prize/footer.fragment
news/nobal-prize/2012-nobal-prize.htm,news/nobal-prize/2012-nobal-prize.html,yes,merged,/Users/prashantdhingra/e/a3_output/happy-new-year.org/output/content/news/nobal-prize/footer.fragment
news/nobal-prize/2021-nobal-prize.htm,news/nobal-prize/2021-nobal-prize.html,yes,merged,/Users/prashantdhingra/e/a3_output/happy-new-year.org/output/content/news/nobal-prize/footer.fragment
news/nobal-prize/2013-nobal-prize.htm,news/nobal-prize/2013-nobal-prize.html,yes,merged,/Users/prashantdhingra/e/a3_output/happy-new-year.org/output/content/news/nobal-prize/footer.fragment
news/nobal-prize/2014-nobal-prize.htm,news/nobal-prize/2014-nobal-prize.html,yes,merged,/Users/prashantdhingra/e/a3_output/happy-new-year.org/output/content/news/nobal-prize/footer.fragment
jewish-new-year/jewish-new-year.html,jewish-new-year/index.html,yes,merged,/Users/prashantdhingra/e/a3_output/happy-new-year.org/output/content/jewish-new-year/footer.fragment
food-and-wine-tips/wine-tips.htm,food-and-wine-tips/wine-tips.html,yes,merged,/Users/prashantdhingra/e/a3_output/happy-new-year.org/output/content/food-and-wine-tips/footer.fragment
food-and-wine-tips/cupcake-vs-muffin.htm,food-and-wine-tips/cupcake-vs-muffin.html,yes,merged,/Users/prashantdhingra/e/a3_output/happy-new-year.org/output/content/food-and-wine-tips/footer.fragment
food-and-wine-tips/happy-food.htm,food-and-wine-tips/happy-food.html,yes,merged,/Users/prashantdhingra/e/a3_output/happy-new-year.org/output/content/food-and-wine-tips/footer.fragment
food-and-wine-tips/food.htm,food-and-wine-tips/index.html,yes,merged,/Users/prashantdhingra/e/a3_output/happy-new-year.org/output/content/food-and-wine-tips/footer.fragment
movies/2021-movies.htm,movies/2021-movies.html,yes,merged,/Users/prashantdhingra/e/a3_output/happy-new-year.org/output/content/movies/footer.fragment
movies/2024/1/index.htm,movies/2024/1/index.html,yes,merged,/Users/prashantdhingra/e/a3_output/happy-new-year.org/output/content/movies/2024/1/footer.fragment
tips/enjoy-small-happiness.htm,tips/enjoy-small-happiness.html,yes,merged,/Users/prashantdhingra/e/a3_output/happy-new-year.org/output/content/tips/footer.fragment
tips/new-year-eve-ideas.htm,tips/new-year-eve-ideas.html,yes,merged,/Users/prashantdhingra/e/a3_output/happy-new-year.org/output/content/tips/footer.fragment
tips/finance/real-estate/va-loans-article-31.htm,tips/finance/real-estate/index.html,yes,merged,/Users/prashantdhingra/e/a3_output/happy-new-year.org/output/content/tips/finance/real-estate/footer.fragment
tips/finance/real-estate/types-of-home-loans-article-31.htm,tips/finance/real-estate/loan-types-explained-for-dummies.html,yes,merged,/Users/prashantdhingra/e/a3_output/happy-new-year.org/output/content/tips/finance/real-estate/footer.fragment
cars/2015/gallery.htm,cars/2015/gallery.htm,no,merged,/Users/prashantdhingra/e/a3_output/happy-new-year.org/output/content/cars/2015/footer.fragment
cars/2017/tesla.htm,cars/2017/index.html,yes,merged,/Users/prashantdhingra/e/a3_output/happy-new-year.org/output/content/cars/2017/footer.fragment
cyber-monday/website-hosting.htm,cyber-monday/website-hosting.html,yes,merged,/Users/prashantdhingra/e/a3_output/happy-new-year.org/output/content/cyber-monday/footer.fragment
cyber-monday/index.htm,cyber-monday/index.html,yes,merged,/Users/prashantdhingra/e/a3_output/happy-new-year.org/output/content/cyber-monday/footer.fragment
cyber-monday/online-courses.htm,cyber-monday/online-courses.html,yes,merged,/Users/prashantdhingra/e/a3_output/happy-new-year.org/output/content/cyber-monday/footer.fragment
chinese-new-year/chinese-new-year-animal-ox.htm,chinese-new-year/animal-ox-attributes-and-luck.html,yes,merged,/Users/prashantdhingra/e/a3_output/happy-new-year.org/output/content/chinese-new-year/footer.fragment
chinese-new-year/2017.html,chinese-new-year/2017.html,yes,merged,/Users/prashantdhingra/e/a3_output/happy-new-year.org/output/content/chinese-new-year/footer.fragment
chinese-new-year/chinese-astrology-for-all-sign-for-current-year.htm,chinese-new-year/chinese-horoscope-for-this-year.html,yes,merged,/Users/prashantdhingra/e/a3_output/happy-new-year.org/output/content/chinese-new-year/footer.fragment
chinese-new-year/chinese-new-year-animal-pig.htm,chinese-new-year/animal-pig-attributes-and-luck.html,yes,merged,/Users/prashantdhingra/e/a3_output/happy-new-year.org/output/content/chinese-new-year/footer.fragment
chinese-new-year/2016.html,chinese-new-year/2016.html,yes,merged,/Users/prashantdhingra/e/a3_output/happy-new-year.org/output/content/chinese-new-year/footer.fragment
chinese-new-year/chinese-new-year-animal-monkey.htm,chinese-new-year/animal-monkey-attributes-and-luck.html,yes,merged,/Users/prashantdhingra/e/a3_output/happy-new-year.org/output/content/chinese-new-year/footer.fragment
chinese-new-year/2017.htm,chinese-new-year/2017-2.html,yes,"collision, renamed to 2017-2.html",/Users/prashantdhingra/e/a3_output/happy-new-year.org/output/content/chinese-new-year/footer.fragment
chinese-new-year/chinese-new-year-with-header.html,chinese-new-year/chinese-new-year-with-header.html,yes,merged,/Users/prashantdhingra/e/a3_output/happy-new-year.org/output/content/chinese-new-year/footer.fragment
chinese-new-year/chinese-new-year-index.html,chinese-new-year/index.html,yes,merged,/Users/prashantdhingra/e/a3_output/happy-new-year.org/output/content/chinese-new-year/footer.fragment
chinese-new-year/chinese-new-year-guide.html,chinese-new-year/chinese-new-year-guide.html,yes,merged,/Users/prashantdhingra/e/a3_output/happy-new-year.org/output/content/chinese-new-year/footer.fragment
chinese-new-year/chinese-new-year-animal-horse.htm,chinese-new-year/animal-horse-attributes-and-luck.html,yes,merged,/Users/prashantdhingra/e/a3_output/happy-new-year.org/output/content/chinese-new-year/footer.fragment
chinese-new-year/2013.html,chinese-new-year/2013.html,yes,merged,/Users/prashantdhingra/e/a3_output/happy-new-year.org/output/content/chinese-new-year/footer.fragment
chinese-new-year/chinese-new-year.htm,chinese-new-year/chinese-new-year-lucky-dates.html,yes,merged,/Users/prashantdhingra/e/a3_output/happy-new-year.org/output/content/chinese-new-year/footer.fragment
chinese-new-year/chinese-new-year-2026-info.html,chinese-new-year/chinese-new-year-2026-info.html,yes,merged,/Users/prashantdhingra/e/a3_output/happy-new-year.org/output/content/chinese-new-year/footer.fragment
chinese-new-year/2019.html,chinese-new-year/2019.html,yes,merged,/Users/prashantdhingra/e/a3_output/happy-new-year.org/output/content/chinese-new-year/footer.fragment
chinese-new-year/chinese-new-year-animal-goat.htm,chinese-new-year/animal-goat-attributes-and-luck.html,yes,merged,/Users/prashantdhingra/e/a3_output/happy-new-year.org/output/content/chinese-new-year/footer.fragment
chinese-new-year/2015.html,chinese-new-year/2015.html,yes,merged,/Users/prashantdhingra/e/a3_output/happy-new-year.org/output/content/chinese-new-year/footer.fragment
chinese-new-year/2014.html,chinese-new-year/2014.html,yes,merged,/Users/prashantdhingra/e/a3_output/happy-new-year.org/output/content/chinese-new-year/footer.fragment
chinese-new-year/chinese-new-year-animal-rabbit.htm,chinese-new-year/animal-rabbit-attributes-and-luck.html,yes,merged,/Users/prashantdhingra/e/a3_output/happy-new-year.org/output/content/chinese-new-year/footer.fragment
chinese-new-year/2018.html,chinese-new-year/2018.html,yes,merged,/Users/prashantdhingra/e/a3_output/happy-new-year.org/output/content/chinese-new-year/footer.fragment
chinese-new-year/animal/dragon.htm,chinese-new-year/animal/dragon.html,yes,merged,/Users/prashantdhingra/e/a3_output/happy-new-year.org/output/content/chinese-new-year/animal/footer.fragment
chinese-new-year/animal/tiger.htm,chinese-new-year/animal/tiger.html,yes,merged,/Users/prashantdhingra/e/a3_output/happy-new-year.org/output/content/chinese-new-year/animal/footer.fragment
chinese-new-year/animal/all.htm,chinese-new-year/animal/all.html,yes,merged,/Users/prashantdhingra/e/a3_output/happy-new-year.org/output/content/chinese-new-year/animal/footer.fragment
chinese-new-year/animal/rat.htm,chinese-new-year/animal/rat.html,yes,merged,/Users/prashantdhingra/e/a3_output/happy-new-year.org/output/content/chinese-new-year/animal/footer.fragment
chinese-new-year/animal/ox.htm,chinese-new-year/animal/ox.html,yes,merged,/Users/prashantdhingra/e/a3_output/happy-new-year.org/output/content/chinese-new-year/animal/footer.fragment
chinese-new-year/animal/horse.htm,chinese-new-year/animal/horse.html,yes,merged,/Users/prashantdhingra/e/a3_output/happy-new-year.org/output/content/chinese-new-year/animal/footer.fragment
chinese-new-year/animal/dog.htm,chinese-new-year/animal/dog.html,yes,merged,/Users/prashantdhingra/e/a3_output/happy-new-year.org/output/content/chinese-new-year/animal/footer.fragment
chinese-new-year/animal/rabbit.htm,chinese-new-year/animal/rabbit.html,yes,merged,/Users/prashantdhingra/e/a3_output/happy-new-year.org/output/content/chinese-new-year/animal/footer.fragment
chinese-new-year/animal/snake.htm,chinese-new-year/animal/snake.html,yes,merged,/Users/prashantdhingra/e/a3_output/happy-new-year.org/output/content/chinese-new-year/animal/footer.fragment
chinese-new-year/animal/goat.htm,chinese-new-year/animal/goat.html,yes,merged,/Users/prashantdhingra/e/a3_output/happy-new-year.org/output/content/chinese-new-year/animal/footer.fragment
chinese-new-year/animal/pig.htm,chinese-new-year/animal/pig.html,yes,merged,/Users/prashantdhingra/e/a3_output/happy-new-year.org/output/content/chinese-new-year/animal/footer.fragment
chinese-new-year/animal/monkey.htm,chinese-new-year/animal/monkey.html,yes,merged,/Users/prashantdhingra/e/a3_output/happy-new-year.org/output/content/chinese-new-year/animal/footer.fragment
chinese-new-year/animal/rooster.htm,chinese-new-year/animal/rooster.html,yes,merged,/Users/prashantdhingra/e/a3_output/happy-new-year.org/output/content/chinese-new-year/animal/footer.fragment
chinese-new-year/animal/animal-zodiac-sign/chinese-zodiac-dragon-00001.htm,chinese-new-year/animal/animal-zodiac-sign/chinese-zodiac-dragon-00001.htm,no,merged,/Users/prashantdhingra/e/a3_output/happy-new-year.org/output/content/chinese-new-year/animal/animal-zodiac-sign/footer.fragment
chinese-new-year/animal/animal-zodiac-sign/chinese-zodiac-horse-00001.htm,chinese-new-year/animal/animal-zodiac-sign/chinese-zodiac-horse-00001.htm,no,merged,/Users/prashantdhingra/e/a3_output/happy-new-year.org/output/content/chinese-new-year/animal/animal-zodiac-sign/footer.fragment
chinese-new-year/animal/animal-zodiac-sign/chinese-zodiac-ox-00001.htm,chinese-new-year/animal/animal-zodiac-sign/chinese-zodiac-ox-00001.htm,no,merged,/Users/prashantdhingra/e/a3_output/happy-new-year.org/output/content/chinese-new-year/animal/animal-zodiac-sign/footer.fragment
chinese-new-year/animal/animal-zodiac-sign/chinese-zodiac-rooster-00001.htm,chinese-new-year/animal/animal-zodiac-sign/chinese-zodiac-rooster-00001.htm,no,merged,/Users/prashantdhingra/e/a3_output/happy-new-year.org/output/content/chinese-new-year/animal/animal-zodiac-sign/footer.fragment
chinese-new-year/animal/animal-zodiac-sign/chinese-zodiac-goat-00001.htm,chinese-new-year/animal/animal-zodiac-sign/chinese-zodiac-goat-00001.htm,no,merged,/Users/prashantdhingra/e/a3_output/happy-new-year.org/output/content/chinese-new-year/animal/animal-zodiac-sign/footer.fragment
chinese-new-year/animal/animal-zodiac-sign/chinese-zodiac-dog-00001.htm,chinese-new-year/animal/animal-zodiac-sign/chinese-zodiac-dog-00001.htm,no,merged,/Users/prashantdhingra/e/a3_output/happy-new-year.org/output/content/chinese-new-year/animal/animal-zodiac-sign/footer.fragment
chinese-new-year/animal/animal-zodiac-sign/chinese-zodiac-pig-00001.htm,chinese-new-year/animal/animal-zodiac-sign/chinese-zodiac-pig-00001.htm,no,merged,/Users/prashantdhingra/e/a3_output/happy-new-year.org/output/content/chinese-new-year/animal/animal-zodiac-sign/footer.fragment
chinese-new-year/animal/animal-zodiac-sign/chinese-zodiac-snake-00001.htm,chinese-new-year/animal/animal-zodiac-sign/chinese-zodiac-snake-00001.htm,no,merged,/Users/prashantdhingra/e/a3_output/happy-new-year.org/output/content/chinese-new-year/animal/animal-zodiac-sign/footer.fragment
chinese-new-year/animal/animal-zodiac-sign/chinese-zodiac-tiger-00001.htm,chinese-new-year/animal/animal-zodiac-sign/chinese-zodiac-tiger-00001.htm,no,merged,/Users/prashantdhingra/e/a3_output/happy-new-year.org/output/content/chinese-new-year/animal/animal-zodiac-sign/footer.fragment
chinese-new-year/animal/animal-zodiac-sign/chinese-zodiac-monkey-00001.jpg.htm,chinese-new-year/animal/animal-zodiac-sign/chinese-zodiac-monkey-00001.jpg.htm,no,merged,/Users/prashantdhingra/e/a3_output/happy-new-year.org/output/content/chinese-new-year/animal/animal-zodiac-sign/footer.fragment
chinese-new-year/animal/animal-zodiac-sign/pictures.htm,chinese-new-year/animal/animal-zodiac-sign/pictures.htm,no,merged,/Users/prashantdhingra/e/a3_output/happy-new-year.org/output/content/chinese-new-year/animal/animal-zodiac-sign/footer.fragment
chinese-new-year/animal/animal-zodiac-sign/chinese-zodiac-rat-00001.htm,chinese-new-year/animal/animal-zodiac-sign/chinese-zodiac-rat-00001.htm,no,merged,/Users/prashantdhingra/e/a3_output/happy-new-year.org/output/content/chinese-new-year/animal/animal-zodiac-sign/footer.fragment
chinese-new-year/animal/animal-zodiac-sign/gen.htm,chinese-new-year/animal/animal-zodiac-sign/1.html,yes,merged,/Users/prashantdhingra/e/a3_output/happy-new-year.org/output/content/chinese-new-year/animal/animal-zodiac-sign/footer.fragment
chinese-new-year/animal/animal-zodiac-sign/chinese-zodiac-monkey-00001.htm,chinese-new-year/animal/animal-zodiac-sign/chinese-zodiac-monkey-00001.htm,no,merged,/Users/prashantdhingra/e/a3_output/happy-new-year.org/output/content/chinese-new-year/animal/animal-zodiac-sign/footer.fragment
chinese-new-year/animal/animal-zodiac-sign/chinese-zodiac-rabbit-00001.htm,chinese-new-year/animal/animal-zodiac-sign/chinese-zodiac-rabbit-00001.htm,no,merged,/Users/prashantdhingra/e/a3_output/happy-new-year.org/output/content/chinese-new-year/animal/animal-zodiac-sign/footer.fragment
chinese-new-year/chinese-new-year-stories/chinese-new-year-stories.htm,chinese-new-year/chinese-new-year-stories/index.html,yes,merged,/Users/prashantdhingra/e/a3_output/happy-new-year.org/output/content/chinese-new-year/chinese-new-year-stories/footer.fragment
chinese/chinese-new-year-foods-symbolism.htm,chinese/chinese-new-year-foods-symbolism.html,yes,merged,/Users/prashantdhingra/e/a3_output/happy-new-year.org/output/content/chinese/footer.fragment
chinese/zodiac-animals-influence-chinese-new-year.htm,chinese/zodiac-animals-influence-chinese-new-year.html,yes,merged,/Users/prashantdhingra/e/a3_output/happy-new-year.org/output/content/chinese/footer.fragment
chinese/how-to-prepare-for-chinese-new-year.htm,chinese/how-to-prepare-for-chinese-new-year.html,yes,merged,/Users/prashantdhingra/e/a3_output/happy-new-year.org/output/content/chinese/footer.fragment
chinese/chinese-new-year-family-reunions.htm,chinese/chinese-new-year-family-reunions.html,yes,merged,/Users/prashantdhingra/e/a3_output/happy-new-year.org/output/content/chinese/footer.fragment
chinese/history-significance-chinese-new-year.htm,chinese/history-significance-chinese-new-year.html,yes,merged,/Users/prashantdhingra/e/a3_output/happy-new-year.org/output/content/chinese/footer.fragment
chinese/role-of-fireworks-chinese-new-year.htm,chinese/role-of-fireworks-chinese-new-year.html,yes,merged,/Users/prashantdhingra/e/a3_output/happy-new-year.org/output/content/chinese/footer.fragment
chinese/chinese-new-year-fashion-traditions.htm,chinese/chinese-new-year-fashion-traditions.html,yes,merged,/Users/prashantdhingra/e/a3_output/happy-new-year.org/output/content/chinese/footer.fragment
chinese/top-chinese-new-year-traditions.htm,chinese/top-chinese-new-year-traditions.html,yes,merged,/Users/prashantdhingra/e/a3_output/happy-new-year.org/output/content/chinese/footer.fragment
chinese/chinese-new-year-decor-meaning-lanterns-couplets.htm,chinese/chinese-new-year-decor-meaning-lanterns-couplets.html,yes,merged,/Users/prashantdhingra/e/a3_output/happy-new-year.org/output/content/chinese/footer.fragment
chinese/chinese-new-year-gift-guide.htm,chinese/chinese-new-year-gift-guide.html,yes,merged,/Users/prashantdhingra/e/a3_output/happy-new-year.org/output/content/chinese/footer.fragment
chinese/chinese-new-year-around-the-world.htm,chinese/chinese-new-year-around-the-world.html,yes,merged,/Users/prashantdhingra/e/a3_output/happy-new-year.org/output/content/chinese/footer.fragment
chinese/chinese-new-year-superstitions-beliefs.htm,chinese/chinese-new-year-superstitions-beliefs.html,yes,merged,/Users/prashantdhingra/e/a3_output/happy-new-year.org/output/content/chinese/footer.fragment
chinese/chinese-new-year-calligraphy-art.htm,chinese/chinese-new-year-calligraphy-art.html,yes,merged,/Users/prashantdhingra/e/a3_output/happy-new-year.org/output/content/chinese/footer.fragment
chinese/best-chinese-new-year-festivals-china.htm,chinese/best-chinese-new-year-festivals-china.html,yes,merged,/Users/prashantdhingra/e/a3_output/happy-new-year.org/output/content/chinese/footer.fragment
islamic-new-year/islamic-new-year-left.html,islamic-new-year/index.html,yes,merged,/Users/prashantdhingra/e/a3_output/happy-new-year.org/output/content/islamic-new-year/footer.fragment
persian/index.htm,persian/index.html,yes,merged,/Users/prashantdhingra/e/a3_output/happy-new-year.org/output/content/persian/footer.fragment
black-friday/sales-tax-saving.htm,black-friday/sales-tax-saving.html,yes,merged,/Users/prashantdhingra/e/a3_output/happy-new-year.org/output/content/black-friday/footer.fragment
black-friday/things-to-buy.htm,black-friday/things-to-buy.html,yes,merged,/Users/prashantdhingra/e/a3_output/happy-new-year.org/output/content/black-friday/footer.fragment
black-friday/online-vs-in-store-shopping.htm,black-friday/online-vs-in-store-shopping.html,yes,merged,/Users/prashantdhingra/e/a3_output/happy-new-year.org/output/content/black-friday/footer.fragment
black-friday/gift-ideas.htm,black-friday/gift-ideas.html,yes,merged,/Users/prashantdhingra/e/a3_output/happy-new-year.org/output/content/black-friday/footer.fragment
black-friday/black-friday-budget.htm,black-friday/black-friday-budget.html,yes,merged,/Users/prashantdhingra/e/a3_output/happy-new-year.org/output/content/black-friday/footer.fragment
black-friday/headphone-ear-bud-deals.htm,black-friday/headphone-ear-bud-deals.html,yes,merged,/Users/prashantdhingra/e/a3_output/happy-new-year.org/output/content/black-friday/footer.fragment
black-friday/gaming-deals.htm,black-friday/gaming-deals.html,yes,merged,/Users/prashantdhingra/e/a3_output/happy-new-year.org/output/content/black-friday/footer.fragment
black-friday/gaming-console-and-monitors.htm,black-friday/gaming-console-and-monitors.html,yes,merged,/Users/prashantdhingra/e/a3_output/happy-new-year.org/output/content/black-friday/footer.fragment
black-friday/cyber-monday.htm,black-friday/cyber-monday.html,yes,merged,/Users/prashantdhingra/e/a3_output/happy-new-year.org/output/content/black-friday/footer.fragment
black-friday/how-to-spot-fake-black-friday-deals.htm,black-friday/how-to-spot-fake-black-friday-deals.html,yes,merged,/Users/prashantdhingra/e/a3_output/happy-new-year.org/output/content/black-friday/footer.fragment
black-friday/laptop-deals-best-buy.htm,black-friday/laptop-deals-best-buy.html,yes,merged,/Users/prashantdhingra/e/a3_output/happy-new-year.org/output/content/black-friday/footer.fragment
black-friday/small-business-owners.htm,black-friday/small-business-owners.html,yes,merged,/Users/prashantdhingra/e/a3_output/happy-new-year.org/output/content/black-friday/footer.fragment
black-friday/family-deals.htm,black-friday/family-deals.html,yes,merged,/Users/prashantdhingra/e/a3_output/happy-new-year.org/output/content/black-friday/footer.fragment
black-friday/tv.htm,black-friday/tv.html,yes,merged,/Users/prashantdhingra/e/a3_output/happy-new-year.org/output/content/black-friday/footer.fragment
black-friday/best-electronics-deal.htm,black-friday/best-electronics-deal.html,yes,merged,/Users/prashantdhingra/e/a3_output/happy-new-year.org/output/content/black-friday/footer.fragment
black-friday/top-10-must-buy-items.htm,black-friday/top-10-must-buy-items.html,yes,merged,/Users/prashantdhingra/e/a3_output/happy-new-year.org/output/content/black-friday/footer.fragment
black-friday/what-to-eat.htm,black-friday/what-to-eat.html,yes,merged,/Users/prashantdhingra/e/a3_output/happy-new-year.org/output/content/black-friday/footer.fragment
black-friday/things-not-to-buy.htm,black-friday/things-not-to-buy.html,yes,merged,/Users/prashantdhingra/e/a3_output/happy-new-year.org/output/content/black-friday/footer.fragment
black-friday/travelers-deals.htm,black-friday/travelers-deals.html,yes,merged,/Users/prashantdhingra/e/a3_output/happy-new-year.org/output/content/black-friday/footer.fragment
black-friday/kitchen-appliances-deals.htm,black-friday/kitchen-appliances-deals.html,yes,merged,/Users/prashantdhingra/e/a3_output/happy-new-year.org/output/content/black-friday/footer.fragment
black-friday/speaker-deals.htm,black-friday/speaker-deals.html,yes,merged,/Users/prashantdhingra/e/a3_output/happy-new-year.org/output/content/black-friday/footer.fragment
black-friday/fashion-sales.htm,black-friday/fashion-sales.html,yes,merged,/Users/prashantdhingra/e/a3_output/happy-new-year.org/output/content/black-friday/footer.fragment
black-friday/tv-deals-best-buy.htm,black-friday/tv-deals-best-buy.html,yes,merged,/Users/prashantdhingra/e/a3_output/happy-new-year.org/output/content/black-friday/footer.fragment
black-friday/shopping-ideas-1.htm,black-friday/index.html,yes,merged,/Users/prashantdhingra/e/a3_output/happy-new-year.org/output/content/black-friday/footer.fragment
black-friday/shopping-guide.htm,black-friday/shopping-guide.html,yes,merged,/Users/prashantdhingra/e/a3_output/happy-new-year.org/output/content/black-friday/footer.fragment
black-friday/best-websites-for-deals.htm,black-friday/best-websites-for-deals.html,yes,merged,/Users/prashantdhingra/e/a3_output/happy-new-year.org/output/content/black-friday/footer.fragment
black-friday/deal-start-stop-time.htm,black-friday/deal-start-stop-time.html,yes,merged,/Users/prashantdhingra/e/a3_output/happy-new-year.org/output/content/black-friday/footer.fragment
black-friday/fitness-tracker.htm,black-friday/fitness-tracker.html,yes,merged,/Users/prashantdhingra/e/a3_output/happy-new-year.org/output/content/black-friday/footer.fragment
black-friday/last-minute-deals.htm,black-friday/last-minute-deals.html,yes,merged,/Users/prashantdhingra/e/a3_output/happy-new-year.org/output/content/black-friday/footer.fragment
black-friday/first-time.htm,black-friday/first-time.html,yes,merged,/Users/prashantdhingra/e/a3_output/happy-new-year.org/output/content/black-friday/footer.fragment
black-friday/streaming-and-media-devices.htm,black-friday/streaming-and-media-devices.html,yes,merged,/Users/prashantdhingra/e/a3_output/happy-new-year.org/output/content/black-friday/footer.fragment
black-friday/Sale/best-time-to-buy.htm,black-friday/Sale/right-time-to-buy-on-sale.html,yes,merged,/Users/prashantdhingra/e/a3_output/happy-new-year.org/output/content/black-friday/Sale/footer.fragment
black-friday/Sale/pictures.htm,black-friday/Sale/pictures.htm,no,merged,/Users/prashantdhingra/e/a3_output/happy-new-year.org/output/content/black-friday/Sale/footer.fragment
black-friday/Sale/Home/pictures.htm,black-friday/Sale/Home/pictures.htm,no,merged,/Users/prashantdhingra/e/a3_output/happy-new-year.org/output/content/black-friday/Sale/Home/footer.fragment
black-friday/Sale/Clothes/pictures.htm,black-friday/Sale/Clothes/pictures.htm,no,merged,/Users/prashantdhingra/e/a3_output/happy-new-year.org/output/content/black-friday/Sale/Clothes/footer.fragment
black-friday/Sale/Toys/pictures.htm,black-friday/Sale/Toys/pictures.htm,no,merged,/Users/prashantdhingra/e/a3_output/happy-new-year.org/output/content/black-friday/Sale/Toys/footer.fragment
black-friday/Sale/Electronics/pictures.htm,black-friday/Sale/Electronics/pictures.htm,no,merged,/Users/prashantdhingra/e/a3_output/happy-new-year.org/output/content/black-friday/Sale/Electronics/footer.fragment
black-friday/Sale/Cameras/pictures.htm,black-friday/Sale/Cameras/pictures.htm,no,merged,/Users/prashantdhingra/e/a3_output/happy-new-year.org/output/content/black-friday/Sale/Cameras/footer.fragment
black-friday/Sale/Phones/pictures.htm,black-friday/Sale/Phones/pictures.htm,no,merged,/Users/prashantdhingra/e/a3_output/happy-new-year.org/output/content/black-friday/Sale/Phones/footer.fragment
black-friday/Sale/Kitchen/pictures.htm,black-friday/Sale/Kitchen/pictures.htm,no,merged,/Users/prashantdhingra/e/a3_output/happy-new-year.org/output/content/black-friday/Sale/Kitchen/footer.fragment
quotations/Things to have to meet your goals.htm,quotations/things-to-have-to-meet-your-goals.html,yes,merged,/Users/prashantdhingra/e/a3_output/happy-new-year.org/output/content/quotations/footer.fragment
quotations/dream-quotations.htm,quotations/quotations-on-dream.html,yes,merged,/Users/prashantdhingra/e/a3_output/happy-new-year.org/output/content/quotations/footer.fragment
quotations/quote-of-the-day.htm,quotations/index.html,yes,merged,/Users/prashantdhingra/e/a3_output/happy-new-year.org/output/content/quotations/footer.fragment
quotations/inspirational-quotes.htm,quotations/inspirational-quotes.html,yes,merged,/Users/prashantdhingra/e/a3_output/happy-new-year.org/output/content/quotations/footer.fragment
special-day/national-cat-day.htm,special-day/national-cat-day.html,yes,merged,/Users/prashantdhingra/e/a3_output/happy-new-year.org/output/content/special-day/footer.fragment
special-day/national-dog-day.htm,special-day/national-dog-day.html,yes,merged,/Users/prashantdhingra/e/a3_output/happy-new-year.org/output/content/special-day/footer.fragment
special-day/index.htm,special-day/index.html,yes,merged,/Users/prashantdhingra/e/a3_output/happy-new-year.org/output/content/special-day/footer.fragment
special-day/international-women-day.htm,special-day/international-women-day.html,yes,merged,/Users/prashantdhingra/e/a3_output/happy-new-year.org/output/content/special-day/footer.fragment
special-day/st-patrick-day.htm,special-day/st-patrick-day.html,yes,merged,/Users/prashantdhingra/e/a3_output/happy-new-year.org/output/content/special-day/footer.fragment
special-day/earth-day.htm,special-day/earth-day.html,yes,merged,/Users/prashantdhingra/e/a3_output/happy-new-year.org/output/content/special-day/footer.fragment
special-day/international-friendship-day.htm,special-day/international-friendship-day.html,yes,merged,/Users/prashantdhingra/e/a3_output/happy-new-year.org/output/content/special-day/footer.fragment
party-ideas/party-ideas.html,party-ideas/index.html,yes,merged,/Users/prashantdhingra/e/a3_output/happy-new-year.org/output/content/party-ideas/footer.fragment
islamic/index.htm,islamic/index.html,yes,merged,/Users/prashantdhingra/e/a3_output/happy-new-year.org/output/content/islamic/footer.fragment
ethiopian/index.htm,ethiopian/index.html,yes,merged,/Users/prashantdhingra/e/a3_output/happy-new-year.org/output/content/ethiopian/footer.fragment
Photos/gallery.htm,Photos/gallery.htm,no,merged,/Users/prashantdhingra/e/a3_output/happy-new-year.org/output/content/Photos/footer.fragment
Photos/Halloween/gallery.htm,Photos/Halloween/gallery.htm,no,merged,/Users/prashantdhingra/e/a3_output/happy-new-year.org/output/content/Photos/Halloween/footer.fragment
Photos/Christmas/gallery.htm,Photos/Christmas/gallery.htm,no,merged,/Users/prashantdhingra/e/a3_output/happy-new-year.org/output/content/Photos/Christmas/footer.fragment
mayan/index.htm,mayan/index.html,yes,merged,/Users/prashantdhingra/e/a3_output/happy-new-year.org/output/content/mayan/footer.fragment
resolutions/resolutions.htm,resolutions/resolutions-list.html,yes,merged,/Users/prashantdhingra/e/a3_output/happy-new-year.org/output/content/resolutions/footer.fragment
resolutions/resolutions-social.htm,resolutions/resolutions-social.html,yes,merged,/Users/prashantdhingra/e/a3_output/happy-new-year.org/output/content/resolutions/footer.fragment
resolutions/women-40-above.htm,resolutions/women-40-above.html,yes,merged,/Users/prashantdhingra/e/a3_output/happy-new-year.org/output/content/resolutions/footer.fragment
resolutions/new-year-resolutions-hub.html,resolutions/tips.html,yes,merged,/Users/prashantdhingra/e/a3_output/happy-new-year.org/output/content/resolutions/footer.fragment
resolutions/resolutions-beyond-gym.htm,resolutions/resolutions-beyond-gym.html,yes,merged,/Users/prashantdhingra/e/a3_output/happy-new-year.org/output/content/resolutions/footer.fragment
resolutions/men-40-above.htm,resolutions/men-40-above.html,yes,merged,/Users/prashantdhingra/e/a3_output/happy-new-year.org/output/content/resolutions/footer.fragment
resolutions/26-resolutions-new-year-theme.html,resolutions/26-resolutions.html,yes,merged,/Users/prashantdhingra/e/a3_output/happy-new-year.org/output/content/resolutions/footer.fragment
resolutions/resolutions-5-years.htm,resolutions/resolutions-5-years.html,yes,merged,/Users/prashantdhingra/e/a3_output/happy-new-year.org/output/content/resolutions/footer.fragment
resolutions/new-year-resolutions.htm,resolutions/general.html,yes,merged,/Users/prashantdhingra/e/a3_output/happy-new-year.org/output/content/resolutions/footer.fragment
resolutions/career-business-resolutions-new-year-theme.html,resolutions/career-business-resolutions.html,yes,merged,/Users/prashantdhingra/e/a3_output/happy-new-year.org/output/content/resolutions/footer.fragment
resolutions/men-25-35.htm,resolutions/men-25-35.html,yes,merged,/Users/prashantdhingra/e/a3_output/happy-new-year.org/output/content/resolutions/footer.fragment
resolutions/resloutions-financial-freedom.html,resolutions/resloutions-financial-freedom.html,yes,merged,/Users/prashantdhingra/e/a3_output/happy-new-year.org/output/content/resolutions/footer.fragment
resolutions/women-25-35.htm,resolutions/women-25-35.html,yes,merged,/Users/prashantdhingra/e/a3_output/happy-new-year.org/output/content/resolutions/footer.fragment
resolutions/sustainable-plan-for-resolution-success.htm,resolutions/sustainable-plan-for-resolution-success.html,yes,merged,/Users/prashantdhingra/e/a3_output/happy-new-year.org/output/content/resolutions/footer.fragment
resolutions/26-health-resolutions-new-year-theme.html,resolutions/26-health-resolutions.html,yes,merged,/Users/prashantdhingra/e/a3_output/happy-new-year.org/output/content/resolutions/footer.fragment
resolutions/resolutions-stickiness.htm,resolutions/resolutions-stickiness.html,yes,merged,/Users/prashantdhingra/e/a3_output/happy-new-year.org/output/content/resolutions/footer.fragment
resolutions/tips.htm,resolutions/tips-2.html,yes,"collision, renamed to tips-2.html",/Users/prashantdhingra/e/a3_output/happy-new-year.org/output/content/resolutions/footer.fragment
resolutions/cocktails.htm,resolutions/cocktails.html,yes,merged,/Users/prashantdhingra/e/a3_output/happy-new-year.org/output/content/resolutions/footer.fragment
resolutions/26-relationship-resolutions.html,resolutions/26-relationship-resolutions.html,yes,merged,/Users/prashantdhingra/e/a3_output/happy-new-year.org/output/content/resolutions/footer.fragment
hindu-new-year/hindu-new-year.html,hindu-new-year/index.html,yes,merged,/Users/prashantdhingra/e/a3_output/happy-new-year.org/output/content/hindu-new-year/footer.fragment
festivals/makarsankranti-elegant-4.htm,festivals/makarsankranti-elegant-4.htm,no,merged,/Users/prashantdhingra/e/a3_output/happy-new-year.org/output/content/festivals/footer.fragment
festivals/dusshera-festival-photo-2.htm,festivals/dusshera-festival-photo-2.htm,no,merged,/Users/prashantdhingra/e/a3_output/happy-new-year.org/output/content/festivals/footer.fragment
festivals/elephant-holi-1.htm,festivals/elephant-holi-1.htm,no,merged,/Users/prashantdhingra/e/a3_output/happy-new-year.org/output/content/festivals/footer.fragment
festivals/new-year-1.htm,festivals/new-year-1.htm,no,merged,/Users/prashantdhingra/e/a3_output/happy-new-year.org/output/content/festivals/footer.fragment
festivals/wishes-valentine-day.htm,festivals/wishes-valentine-day.html,yes,merged,/Users/prashantdhingra/e/a3_output/happy-new-year.org/output/content/festivals/footer.fragment
festivals/fathers-day-1.htm,festivals/fathers-day-1.htm,no,merged,/Users/prashantdhingra/e/a3_output/happy-new-year.org/output/content/festivals/footer.fragment
festivals/dusshera-festival-photo-3.htm,festivals/dusshera-festival-photo-3.htm,no,merged,/Users/prashantdhingra/e/a3_output/happy-new-year.org/output/content/festivals/footer.fragment
festivals/makarsankranti-rangoli-4.htm,festivals/makarsankranti-rangoli-4.htm,no,merged,/Users/prashantdhingra/e/a3_output/happy-new-year.org/output/content/festivals/footer.fragment
festivals/dusshera-festival-photo-1.htm,festivals/dusshera-festival-photo-1.htm,no,merged,/Users/prashantdhingra/e/a3_output/happy-new-year.org/output/content/festivals/footer.fragment
festivals/elephant-holi-2.htm,festivals/elephant-holi-2.htm,no,merged,/Users/prashantdhingra/e/a3_output/happy-new-year.org/output/content/festivals/footer.fragment
festivals/fathers-day-3.htm,festivals/fathers-day-3.htm,no,merged,/Users/prashantdhingra/e/a3_output/happy-new-year.org/output/content/festivals/footer.fragment
festivals/ganesh-4.htm,festivals/ganesh-4.htm,no,merged,/Users/prashantdhingra/e/a3_output/happy-new-year.org/output/content/festivals/footer.fragment
festivals/new-year-2.htm,festivals/new-year-2.htm,no,merged,/Users/prashantdhingra/e/a3_output/happy-new-year.org/output/content/festivals/footer.fragment
festivals/new-year-3.htm,festivals/new-year-3.htm,no,merged,/Users/prashantdhingra/e/a3_output/happy-new-year.org/output/content/festivals/footer.fragment
festivals/fathers-day-2.htm,festivals/fathers-day-2.htm,no,merged,/Users/prashantdhingra/e/a3_output/happy-new-year.org/output/content/festivals/footer.fragment
festivals/elephant-holi-3.htm,festivals/elephant-holi-3.htm,no,merged,/Users/prashantdhingra/e/a3_output/happy-new-year.org/output/content/festivals/footer.fragment
festivals/makarsankranti-elegant-2.htm,festivals/makarsankranti-elegant-2.htm,no,merged,/Users/prashantdhingra/e/a3_output/happy-new-year.org/output/content/festivals/footer.fragment
festivals/makarsankranti-rangoli-1.htm,festivals/makarsankranti-rangoli-1.htm,no,merged,/Users/prashantdhingra/e/a3_output/happy-new-year.org/output/content/festivals/footer.fragment
festivals/dusshera-festival-photo-4.htm,festivals/dusshera-festival-photo-4.htm,no,merged,/Users/prashantdhingra/e/a3_output/happy-new-year.org/output/content/festivals/footer.fragment
festivals/ganesh-1.htm,festivals/ganesh-1.htm,no,merged,/Users/prashantdhingra/e/a3_output/happy-new-year.org/output/content/festivals/footer.fragment
festivals/festivals.htm,festivals/festival-dates.html,yes,merged,/Users/prashantdhingra/e/a3_output/happy-new-year.org/output/content/festivals/footer.fragment
festivals/makarsankranti-elegant-3.htm,festivals/makarsankranti-elegant-3.htm,no,merged,/Users/prashantdhingra/e/a3_output/happy-new-year.org/output/content/festivals/footer.fragment
festivals/festivals-christian.htm,festivals/festivals-christian.html,yes,merged,/Users/prashantdhingra/e/a3_output/happy-new-year.org/output/content/festivals/footer.fragment
festivals/makarsankranti-rangoli-2.htm,festivals/makarsankranti-rangoli-2.htm,no,merged,/Users/prashantdhingra/e/a3_output/happy-new-year.org/output/content/festivals/footer.fragment
festivals/ganesh-2.htm,festivals/ganesh-2.htm,no,merged,/Users/prashantdhingra/e/a3_output/happy-new-year.org/output/content/festivals/footer.fragment
festivals/elephant-holi-4.htm,festivals/elephant-holi-4.htm,no,merged,/Users/prashantdhingra/e/a3_output/happy-new-year.org/output/content/festivals/footer.fragment
festivals/wishes-chines-new-year.htm,festivals/wishes-chines-new-year.html,yes,merged,/Users/prashantdhingra/e/a3_output/happy-new-year.org/output/content/festivals/footer.fragment
festivals/new-year-4.htm,festivals/new-year-4.htm,no,merged,/Users/prashantdhingra/e/a3_output/happy-new-year.org/output/content/festivals/footer.fragment
festivals/festival-cards.htm,festivals/festival-cards.html,yes,merged,/Users/prashantdhingra/e/a3_output/happy-new-year.org/output/content/festivals/footer.fragment
festivals/fathers-day-4.htm,festivals/fathers-day-4.htm,no,merged,/Users/prashantdhingra/e/a3_output/happy-new-year.org/output/content/festivals/footer.fragment
festivals/ganesh-3.htm,festivals/ganesh-3.htm,no,merged,/Users/prashantdhingra/e/a3_output/happy-new-year.org/output/content/festivals/footer.fragment
festivals/makarsankranti-rangoli-3.htm,festivals/makarsankranti-rangoli-3.htm,no,merged,/Users/prashantdhingra/e/a3_output/happy-new-year.org/output/content/festivals/footer.fragment
festivals/festivals-list.html,festivals/festivals-list.html,yes,merged,/Users/prashantdhingra/e/a3_output/happy-new-year.org/output/content/festivals/footer.fragment
festivals/easter-1.htm,festivals/easter-1.htm,no,merged,/Users/prashantdhingra/e/a3_output/happy-new-year.org/output/content/festivals/footer.fragment
festivals/wishes-easter.htm,festivals/wishes-easter.html,yes,merged,/Users/prashantdhingra/e/a3_output/happy-new-year.org/output/content/festivals/footer.fragment
festivals/valentine-logo-4.htm,festivals/valentine-logo-4.htm,no,merged,/Users/prashantdhingra/e/a3_output/happy-new-year.org/output/content/festivals/footer.fragment
festivals/wishes-christmas.htm,festivals/wishes-christmas.html,yes,merged,/Users/prashantdhingra/e/a3_output/happy-new-year.org/output/content/festivals/footer.fragment
festivals/makarsankranti-family-4.htm,festivals/makarsankranti-family-4.htm,no,merged,/Users/prashantdhingra/e/a3_output/happy-new-year.org/output/content/festivals/footer.fragment
festivals/easter-2.htm,festivals/easter-2.htm,no,merged,/Users/prashantdhingra/e/a3_output/happy-new-year.org/output/content/festivals/footer.fragment
festivals/makarsankranti-logo-4.htm,festivals/makarsankranti-logo-4.htm,no,merged,/Users/prashantdhingra/e/a3_output/happy-new-year.org/output/content/festivals/footer.fragment
festivals/diwali-photo-4.htm,festivals/diwali-photo-4.htm,no,merged,/Users/prashantdhingra/e/a3_output/happy-new-year.org/output/content/festivals/footer.fragment
festivals/wishes-guru-nanak-jyanati.htm,festivals/wishes-guru-nanak-jyanati.html,yes,merged,/Users/prashantdhingra/e/a3_output/happy-new-year.org/output/content/festivals/footer.fragment
festivals/goverdhan-puja-festival-4.htm,festivals/goverdhan-puja-festival-4.htm,no,merged,/Users/prashantdhingra/e/a3_output/happy-new-year.org/output/content/festivals/footer.fragment
festivals/easter-3.htm,festivals/easter-3.htm,no,merged,/Users/prashantdhingra/e/a3_output/happy-new-year.org/output/content/festivals/footer.fragment
festivals/makarsankranti-family-3.htm,festivals/makarsankranti-family-3.htm,no,merged,/Users/prashantdhingra/e/a3_output/happy-new-year.org/output/content/festivals/footer.fragment
festivals/mothers-day-heart-2.htm,festivals/mothers-day-heart-2.htm,no,merged,/Users/prashantdhingra/e/a3_output/happy-new-year.org/output/content/festivals/footer.fragment
festivals/makarsankranti-fsun-1.htm,festivals/makarsankranti-fsun-1.htm,no,merged,/Users/prashantdhingra/e/a3_output/happy-new-year.org/output/content/festivals/footer.fragment
festivals/makarsankranti-logo-1.htm,festivals/makarsankranti-logo-1.htm,no,merged,/Users/prashantdhingra/e/a3_output/happy-new-year.org/output/content/festivals/footer.fragment
festivals/diwali-photo-1.htm,festivals/diwali-photo-1.htm,no,merged,/Users/prashantdhingra/e/a3_output/happy-new-year.org/output/content/festivals/footer.fragment
festivals/valentine-logo-3.htm,festivals/valentine-logo-3.htm,no,merged,/Users/prashantdhingra/e/a3_output/happy-new-year.org/output/content/festivals/footer.fragment
festivals/valentine-logo-2.htm,festivals/valentine-logo-2.htm,no,merged,/Users/prashantdhingra/e/a3_output/happy-new-year.org/output/content/festivals/footer.fragment
festivals/wishes-deepawali.htm,festivals/wishes-deepawali.html,yes,merged,/Users/prashantdhingra/e/a3_output/happy-new-year.org/output/content/festivals/footer.fragment
festivals/goverdhan-puja-festival-1.htm,festivals/goverdhan-puja-festival-1.htm,no,merged,/Users/prashantdhingra/e/a3_output/happy-new-year.org/output/content/festivals/footer.fragment
festivals/mothers-day-heart-3.htm,festivals/mothers-day-heart-3.htm,no,merged,/Users/prashantdhingra/e/a3_output/happy-new-year.org/output/content/festivals/footer.fragment
festivals/makarsankranti-family-2.htm,festivals/makarsankranti-family-2.htm,no,merged,/Users/prashantdhingra/e/a3_output/happy-new-year.org/output/content/festivals/footer.fragment
festivals/easter-4.htm,festivals/easter-4.htm,no,merged,/Users/prashantdhingra/e/a3_output/happy-new-year.org/output/content/festivals/footer.fragment
festivals/mothers-day-heart-1.htm,festivals/mothers-day-heart-1.htm,no,merged,/Users/prashantdhingra/e/a3_output/happy-new-year.org/output/content/festivals/footer.fragment
festivals/makarsankranti-logo-2.htm,festivals/makarsankranti-logo-2.htm,no,merged,/Users/prashantdhingra/e/a3_output/happy-new-year.org/output/content/festivals/footer.fragment
festivals/goverdhan-puja-festival-3.htm,festivals/goverdhan-puja-festival-3.htm,no,merged,/Users/prashantdhingra/e/a3_output/happy-new-year.org/output/content/festivals/footer.fragment
festivals/diwali-photo-2.htm,festivals/diwali-photo-2.htm,no,merged,/Users/prashantdhingra/e/a3_output/happy-new-year.org/output/content/festivals/footer.fragment
festivals/2026-festival-calendar.html,festivals/index.html,yes,merged,/Users/prashantdhingra/e/a3_output/happy-new-year.org/output/content/festivals/footer.fragment
festivals/100-festivals-around-world-directory-slugs.html,festivals/100-festivals-around-world.html,yes,merged,/Users/prashantdhingra/e/a3_output/happy-new-year.org/output/content/festivals/footer.fragment
festivals/valentine-logo-1.htm,festivals/valentine-logo-1.htm,no,merged,/Users/prashantdhingra/e/a3_output/happy-new-year.org/output/content/festivals/footer.fragment
festivals/diwali-photo-3.htm,festivals/diwali-photo-3.htm,no,merged,/Users/prashantdhingra/e/a3_output/happy-new-year.org/output/content/festivals/footer.fragment
festivals/goverdhan-puja-festival-2.htm,festivals/goverdhan-puja-festival-2.htm,no,merged,/Users/prashantdhingra/e/a3_output/happy-new-year.org/output/content/festivals/footer.fragment
festivals/makarsankranti-logo-3.htm,festivals/makarsankranti-logo-3.htm,no,merged,/Users/prashantdhingra/e/a3_output/happy-new-year.org/output/content/festivals/footer.fragment
festivals/makarsankranti-family-1.htm,festivals/makarsankranti-family-1.htm,no,merged,/Users/prashantdhingra/e/a3_output/happy-new-year.org/output/content/festivals/footer.fragment
festivals/wishes-lohri.htm,festivals/wishes-lohri.html,yes,merged,/Users/prashantdhingra/e/a3_output/happy-new-year.org/output/content/festivals/footer.fragment
festivals/bhai-dooj-photo-3.htm,festivals/bhai-dooj-photo-3.htm,no,merged,/Users/prashantdhingra/e/a3_output/happy-new-year.org/output/content/festivals/footer.fragment
festivals/bhai-dooj-photo-2.htm,festivals/bhai-dooj-photo-2.htm,no,merged,/Users/prashantdhingra/e/a3_output/happy-new-year.org/output/content/festivals/footer.fragment
festivals/wishes-sankranti.htm,festivals/wishes-sankranti.html,yes,merged,/Users/prashantdhingra/e/a3_output/happy-new-year.org/output/content/festivals/footer.fragment
festivals/lohri-logo-1.htm,festivals/lohri-logo-1.htm,no,merged,/Users/prashantdhingra/e/a3_output/happy-new-year.org/output/content/festivals/footer.fragment
festivals/wishes-thanks-giving.htm,festivals/wishes-thanks-giving.html,yes,merged,/Users/prashantdhingra/e/a3_output/happy-new-year.org/output/content/festivals/footer.fragment
festivals/lohri-logo-3.htm,festivals/lohri-logo-3.htm,no,merged,/Users/prashantdhingra/e/a3_output/happy-new-year.org/output/content/festivals/footer.fragment
festivals/rakhi-festival-4.htm,festivals/rakhi-festival-4.htm,no,merged,/Users/prashantdhingra/e/a3_output/happy-new-year.org/output/content/festivals/footer.fragment
festivals/mothers-day-4.htm,festivals/mothers-day-4.htm,no,merged,/Users/prashantdhingra/e/a3_output/happy-new-year.org/output/content/festivals/footer.fragment
festivals/bhai-dooj-photo-1.htm,festivals/bhai-dooj-photo-1.htm,no,merged,/Users/prashantdhingra/e/a3_output/happy-new-year.org/output/content/festivals/footer.fragment
festivals/lohri-logo-2.htm,festivals/lohri-logo-2.htm,no,merged,/Users/prashantdhingra/e/a3_output/happy-new-year.org/output/content/festivals/footer.fragment
festivals/wishes-rakhi.htm,festivals/wishes-rakhi.html,yes,merged,/Users/prashantdhingra/e/a3_output/happy-new-year.org/output/content/festivals/footer.fragment
festivals/rakhi-festival-1.htm,festivals/rakhi-festival-1.htm,no,merged,/Users/prashantdhingra/e/a3_output/happy-new-year.org/output/content/festivals/footer.fragment
festivals/bhai-dooj-photo-4.htm,festivals/bhai-dooj-photo-4.htm,no,merged,/Users/prashantdhingra/e/a3_output/happy-new-year.org/output/content/festivals/footer.fragment
festivals/festival-muslim.htm,festivals/festival-muslim.html,yes,merged,/Users/prashantdhingra/e/a3_output/happy-new-year.org/output/content/festivals/footer.fragment
festivals/rakhi-festival-2.htm,festivals/rakhi-festival-2.htm,no,merged,/Users/prashantdhingra/e/a3_output/happy-new-year.org/output/content/festivals/footer.fragment
festivals/wishes-dusshera.htm,festivals/wishes-dusshera.html,yes,merged,/Users/prashantdhingra/e/a3_output/happy-new-year.org/output/content/festivals/footer.fragment
festivals/rakhi-festival-3.htm,festivals/rakhi-festival-3.htm,no,merged,/Users/prashantdhingra/e/a3_output/happy-new-year.org/output/content/festivals/footer.fragment
festivals/lohri-logo-4.htm,festivals/lohri-logo-4.htm,no,merged,/Users/prashantdhingra/e/a3_output/happy-new-year.org/output/content/festivals/footer.fragment
festivals/gen.htm,festivals/1.html,yes,merged,/Users/prashantdhingra/e/a3_output/happy-new-year.org/output/content/festivals/footer.fragment
festivals/festivals-and-holidays-india.htm,festivals/festivals-and-holidays-india.html,yes,merged,/Users/prashantdhingra/e/a3_output/happy-new-year.org/output/content/festivals/footer.fragment
festivals/thanksgiving-logo-3.htm,festivals/thanksgiving-logo-3.htm,no,merged,/Users/prashantdhingra/e/a3_output/happy-new-year.org/output/content/festivals/footer.fragment
festivals/thanksgiving-logo-2.htm,festivals/thanksgiving-logo-2.htm,no,merged,/Users/prashantdhingra/e/a3_output/happy-new-year.org/output/content/festivals/footer.fragment
festivals/christmas-logo-1.htm,festivals/christmas-logo-1.htm,no,merged,/Users/prashantdhingra/e/a3_output/happy-new-year.org/output/content/festivals/footer.fragment
festivals/christmas-logo-3.htm,festivals/christmas-logo-3.htm,no,merged,/Users/prashantdhingra/e/a3_output/happy-new-year.org/output/content/festivals/footer.fragment
festivals/wishes-fathers-day.htm,festivals/wishes-fathers-day.html,yes,merged,/Users/prashantdhingra/e/a3_output/happy-new-year.org/output/content/festivals/footer.fragment
festivals/makarsankranti-sun-2.htm,festivals/makarsankranti-sun-2.htm,no,merged,/Users/prashantdhingra/e/a3_output/happy-new-year.org/output/content/festivals/footer.fragment
festivals/makarsankranti-sun-3.htm,festivals/makarsankranti-sun-3.htm,no,merged,/Users/prashantdhingra/e/a3_output/happy-new-year.org/output/content/festivals/footer.fragment
festivals/thanksgiving-logo-1.htm,festivals/thanksgiving-logo-1.htm,no,merged,/Users/prashantdhingra/e/a3_output/happy-new-year.org/output/content/festivals/footer.fragment
festivals/wishes-hindu-new-year.htm,festivals/wishes-hindu-new-year.html,yes,merged,/Users/prashantdhingra/e/a3_output/happy-new-year.org/output/content/festivals/footer.fragment
festivals/christmas-logo-2.htm,festivals/christmas-logo-2.htm,no,merged,/Users/prashantdhingra/e/a3_output/happy-new-year.org/output/content/festivals/footer.fragment
festivals/wishes-eid.htm,festivals/wishes-eid.html,yes,merged,/Users/prashantdhingra/e/a3_output/happy-new-year.org/output/content/festivals/footer.fragment
festivals/thanksgiving-logo-4.htm,festivals/thanksgiving-logo-4.htm,no,merged,/Users/prashantdhingra/e/a3_output/happy-new-year.org/output/content/festivals/footer.fragment
festivals/makarsankranti-101.htm,festivals/makarsankranti-101.htm,no,merged,/Users/prashantdhingra/e/a3_output/happy-new-year.org/output/content/festivals/footer.fragment
festivals/festivals-worldwide.htm,festivals/festivals-worldwide.html,yes,merged,/Users/prashantdhingra/e/a3_output/happy-new-year.org/output/content/festivals/footer.fragment
festivals/makarsankranti-sun-4.htm,festivals/makarsankranti-sun-4.htm,no,merged,/Users/prashantdhingra/e/a3_output/happy-new-year.org/output/content/festivals/footer.fragment
festivals/wishes-mothers-day.htm,festivals/wishes-mothers-day.html,yes,merged,/Users/prashantdhingra/e/a3_output/happy-new-year.org/output/content/festivals/footer.fragment
festivals/wishes-new-year.htm,festivals/wishes-for-new-year-and-festivals.html,yes,merged,/Users/prashantdhingra/e/a3_output/happy-new-year.org/output/content/festivals/footer.fragment
festivals/christmas-logo-4.htm,festivals/christmas-logo-4.htm,no,merged,/Users/prashantdhingra/e/a3_output/happy-new-year.org/output/content/festivals/footer.fragment
festivals/ganesh-chaturthi/history-significance-ganesh-chaturthi-honoring-lord-ganesha.htm,festivals/ganesh-chaturthi/history-significance-ganesh-chaturthi-honoring-lord-ganesha.html,yes,merged,/Users/prashantdhingra/e/a3_output/happy-new-year.org/output/content/festivals/ganesh-chaturthi/footer.fragment
festivals/ganesh-chaturthi/life-lessons-lord-ganesha-wisdom-inspiration.htm,festivals/ganesh-chaturthi/life-lessons-lord-ganesha-wisdom-inspiration.html,yes,merged,/Users/prashantdhingra/e/a3_output/happy-new-year.org/output/content/festivals/ganesh-chaturthi/footer.fragment
festivals/ganesh-chaturthi/ganesh-visarjan-ritual-significance.htm,festivals/ganesh-chaturthi/ganesh-visarjan-ritual-significance.html,yes,merged,/Users/prashantdhingra/e/a3_output/happy-new-year.org/output/content/festivals/ganesh-chaturthi/footer.fragment
festivals/ganesh-chaturthi/perform-ganesh-chaturthi-puja-home-step-by-step-guide.htm,festivals/ganesh-chaturthi/perform-ganesh-chaturthi-puja-home-step-by-step-guide.html,yes,merged,/Users/prashantdhingra/e/a3_output/happy-new-year.org/output/content/festivals/ganesh-chaturthi/footer.fragment
festivals/ganesh-chaturthi/ganesh-chaturthi-quotes-wishes-sharing-joy-festival.htm,festivals/ganesh-chaturthi/ganesh-chaturthi-quotes-wishes-sharing-joy-festival.html,yes,merged,/Users/prashantdhingra/e/a3_output/happy-new-year.org/output/content/festivals/ganesh-chaturthi/footer.fragment
festivals/ganesh-chaturthi/lord-ganesha-gallery.html,festivals/ganesh-chaturthi/lord-ganesha-gallery.html,no,merged,/Users/prashantdhingra/e/a3_output/happy-new-year.org/output/content/festivals/ganesh-chaturthi/footer.fragment
festivals/ganesh-chaturthi/ganesh-chaturthi-crafts-kids-fun-educational-activities.htm,festivals/ganesh-chaturthi/ganesh-chaturthi-crafts-kids-fun-educational-activities.html,yes,merged,/Users/prashantdhingra/e/a3_output/happy-new-year.org/output/content/festivals/ganesh-chaturthi/footer.fragment
festivals/ganesh-chaturthi/delicious-modak-recipes-traditional-sweets-ganesh-chaturthi.htm,festivals/ganesh-chaturthi/delicious-modak-recipes-traditional-sweets-ganesh-chaturthi.html,yes,merged,/Users/prashantdhingra/e/a3_output/happy-new-year.org/output/content/festivals/ganesh-chaturthi/footer.fragment
festivals/ganesh-chaturthi/ganesh-chaturthi-celebrations-india-regional-traditions.htm,festivals/ganesh-chaturthi/ganesh-chaturthi-celebrations-india-regional-traditions.html,yes,merged,/Users/prashantdhingra/e/a3_output/happy-new-year.org/output/content/festivals/ganesh-chaturthi/footer.fragment
festivals/ganesh-chaturthi/organize-ganesh-chaturthi-celebration-community.htm,festivals/ganesh-chaturthi/organize-ganesh-chaturthi-celebration-community.html,yes,merged,/Users/prashantdhingra/e/a3_output/happy-new-year.org/output/content/festivals/ganesh-chaturthi/footer.fragment
festivals/ganesh-chaturthi/lord-ganesha-photo-gallery.html,festivals/ganesh-chaturthi/lord-ganesha-photo-gallery.html,no,merged,/Users/prashantdhingra/e/a3_output/happy-new-year.org/output/content/festivals/ganesh-chaturthi/footer.fragment
festivals/ganesh-chaturthi/ganpati-visarjan.html,festivals/ganesh-chaturthi/ganpati-visarjan.html,no,merged,/Users/prashantdhingra/e/a3_output/happy-new-year.org/output/content/festivals/ganesh-chaturthi/footer.fragment
festivals/ganesh-chaturthi/role-of-music-dance-ganesh-chaturthi-celebrations.htm,festivals/ganesh-chaturthi/role-of-music-dance-ganesh-chaturthi-celebrations.html,yes,merged,/Users/prashantdhingra/e/a3_output/happy-new-year.org/output/content/festivals/ganesh-chaturthi/footer.fragment
festivals/ganesh-chaturthi/diy-ganesh-decorations-creative-festive-home.htm,festivals/ganesh-chaturthi/diy-ganesh-decorations-creative-festive-home.html,yes,merged,/Users/prashantdhingra/e/a3_output/happy-new-year.org/output/content/festivals/ganesh-chaturthi/footer.fragment
festivals/ganesh-chaturthi/ganesha-chaturthi.htm,festivals/ganesh-chaturthi/index.html,yes,merged,/Users/prashantdhingra/e/a3_output/happy-new-year.org/output/content/festivals/ganesh-chaturthi/footer.fragment
festivals/ganesh-chaturthi/ganesh-chaturthi-modern-times-tradition-innovation.htm,festivals/ganesh-chaturthi/ganesh-chaturthi-modern-times-tradition-innovation.html,yes,merged,/Users/prashantdhingra/e/a3_output/happy-new-year.org/output/content/festivals/ganesh-chaturthi/footer.fragment
festivals/ganesh-chaturthi/eco-friendly-ganesh-chaturthi-sustainable-practices.htm,festivals/ganesh-chaturthi/eco-friendly-ganesh-chaturthi-sustainable-practices.html,yes,merged,/Users/prashantdhingra/e/a3_output/happy-new-year.org/output/content/festivals/ganesh-chaturthi/footer.fragment
festivals/ganesh-chaturthi/symbolism-of-lord-ganesha-understanding-iconography.htm,festivals/ganesh-chaturthi/symbolism-of-lord-ganesha-understanding-iconography.html,yes,merged,/Users/prashantdhingra/e/a3_output/happy-new-year.org/output/content/festivals/ganesh-chaturthi/footer.fragment
festivals/ganesh-chaturthi/ganesh-chaturthi-wishes-in-indian-languages.html,festivals/ganesh-chaturthi/ganesh-chaturthi-wishes-in-indian-languages.html,no,merged,/Users/prashantdhingra/e/a3_output/happy-new-year.org/output/content/festivals/ganesh-chaturthi/footer.fragment
festivals/ganesh-chaturthi/famous-ganesh-temples-visit-during-ganesh-chaturthi.htm,festivals/ganesh-chaturthi/famous-ganesh-temples-visit-during-ganesh-chaturthi.html,yes,merged,/Users/prashantdhingra/e/a3_output/happy-new-year.org/output/content/festivals/ganesh-chaturthi/footer.fragment
festivals/valentineday/valentine-day-gift-guide.html,festivals/valentineday/gift-guide.html,yes,merged,/Users/prashantdhingra/e/a3_output/happy-new-year.org/output/content/festivals/valentineday/footer.fragment
festivals/valentineday/quotes-valentine-daychristmas.htm,festivals/valentineday/quotes-valentine-daychristmas.html,yes,merged,/Users/prashantdhingra/e/a3_output/happy-new-year.org/output/content/festivals/valentineday/footer.fragment
festivals/valentineday/ldr-valentineday-pink.html,festivals/valentineday/ldr-valentineday.html,yes,merged,/Users/prashantdhingra/e/a3_output/happy-new-year.org/output/content/festivals/valentineday/footer.fragment
festivals/valentineday/first-valentine-day.html,festivals/valentineday/first-valentine-day-for-couples.html,yes,merged,/Users/prashantdhingra/e/a3_output/happy-new-year.org/output/content/festivals/valentineday/footer.fragment
festivals/valentineday/valentineday-ideas.html,festivals/valentineday/valentineday-ideas-for-everyone.html,yes,merged,/Users/prashantdhingra/e/a3_output/happy-new-year.org/output/content/festivals/valentineday/footer.fragment
festivals/valentineday/valentine-day-wishes.html,festivals/valentineday/14feb-wishes.html,yes,merged,/Users/prashantdhingra/e/a3_output/happy-new-year.org/output/content/festivals/valentineday/footer.fragment
festivals/valentineday/valentineday-research.html,festivals/valentineday/valentineday-market-research.html,yes,merged,/Users/prashantdhingra/e/a3_output/happy-new-year.org/output/content/festivals/valentineday/footer.fragment
festivals/valentineday/valentineday-married-couple.html,festivals/valentineday/valentineday-for-married-couple.html,yes,merged,/Users/prashantdhingra/e/a3_output/happy-new-year.org/output/content/festivals/valentineday/footer.fragment
festivals/valentineday/gift-valentine-day.htm,festivals/valentineday/gift-valentine-day.html,yes,merged,/Users/prashantdhingra/e/a3_output/happy-new-year.org/output/content/festivals/valentineday/footer.fragment
festivals/valentineday/valentine-day-hub.html,festivals/valentineday/valentine-day-main-page.html,yes,merged,/Users/prashantdhingra/e/a3_output/happy-new-year.org/output/content/festivals/valentineday/footer.fragment
festivals/valentineday/Valentineday-messages-1-.htm,festivals/valentineday/index.html,yes,merged,/Users/prashantdhingra/e/a3_output/happy-new-year.org/output/content/festivals/valentineday/footer.fragment
festivals/valentineday/experience-vs-physical-gifts.html,festivals/valentineday/experience-vs-physical-gifts-for-feb-14.html,yes,merged,/Users/prashantdhingra/e/a3_output/happy-new-year.org/output/content/festivals/valentineday/footer.fragment
festivals/valentineday/valentine-day-for-singles.html,festivals/valentineday/feb14-for-singles.html,yes,merged,/Users/prashantdhingra/e/a3_output/happy-new-year.org/output/content/festivals/valentineday/footer.fragment
festivals/valentineday/2026-valentine-gift-ideas.html,festivals/valentineday/2026-valentineday-gift-ideas.html,yes,merged,/Users/prashantdhingra/e/a3_output/happy-new-year.org/output/content/festivals/valentineday/footer.fragment
festivals/valentineday/ldr-valentineday-guide.html,festivals/valentineday/ldr-valentineday-guide.html,yes,merged,/Users/prashantdhingra/e/a3_output/happy-new-year.org/output/content/festivals/valentineday/footer.fragment
festivals/valentineday/diy-valentineday-gift-guide.html,festivals/valentineday/diy-14feb-gift-guide.html,yes,merged,/Users/prashantdhingra/e/a3_output/happy-new-year.org/output/content/festivals/valentineday/footer.fragment
festivals/karwa-chauth/quotes-karwa-chauth.htm,festivals/karwa-chauth/quotes-karwa-chauth.html,yes,merged,/Users/prashantdhingra/e/a3_output/happy-new-year.org/output/content/festivals/karwa-chauth/footer.fragment
festivals/uttaryan/uttarayan-festival-meaning-date-significance.html,festivals/uttaryan/date-significance.html,yes,merged,/Users/prashantdhingra/e/a3_output/happy-new-year.org/output/content/festivals/uttaryan/footer.fragment
festivals/uttaryan/greetings.html,festivals/uttaryan/greetings-messages.html,yes,merged,/Users/prashantdhingra/e/a3_output/happy-new-year.org/output/content/festivals/uttaryan/footer.fragment
festivals/uttaryan/uttarayan-festival-gujarat-traditions-cities.html,festivals/uttaryan/uttarayan-festival-in-various-gujarat-cities.html,yes,merged,/Users/prashantdhingra/e/a3_output/happy-new-year.org/output/content/festivals/uttaryan/footer.fragment
festivals/uttaryan/uttarayan-special-food-what-is-eaten-why.html,festivals/uttaryan/uttarayan-special-food-what-is-eaten-why.html,yes,merged,/Users/prashantdhingra/e/a3_output/happy-new-year.org/output/content/festivals/uttaryan/footer.fragment
festivals/uttaryan/uttarayan-vs-makar-sankranti-whats-the-difference.html,festivals/uttaryan/uttarayan-vs-makar-sankranti-whats-the-difference.html,yes,merged,/Users/prashantdhingra/e/a3_output/happy-new-year.org/output/content/festivals/uttaryan/footer.fragment
festivals/uttaryan/uttarayan-hub.html,festivals/uttaryan/index.html,yes,merged,/Users/prashantdhingra/e/a3_output/happy-new-year.org/output/content/festivals/uttaryan/footer.fragment
festivals/uttaryan/why-is-uttarayan-celebrated-mythology-science.html,festivals/uttaryan/why-is-uttarayan-celebrated-mythology-science.html,yes,merged,/Users/prashantdhingra/e/a3_output/happy-new-year.org/output/content/festivals/uttaryan/footer.fragment
festivals/uttaryan/uttarayan-info.html,festivals/uttaryan/uttarayan-info.html,yes,merged,/Users/prashantdhingra/e/a3_output/happy-new-year.org/output/content/festivals/uttaryan/footer.fragment
festivals/uttaryan/uttarayan-2026-date-time-muhurat.html,festivals/uttaryan/2026-date-time-muhurat.html,yes,merged,/Users/prashantdhingra/e/a3_output/happy-new-year.org/output/content/festivals/uttaryan/footer.fragment
festivals/uttaryan/best-kites-manja-uttarayan-buying-guide.html,festivals/uttaryan/best-kites-manja-guide.html,yes,merged,/Users/prashantdhingra/e/a3_output/happy-new-year.org/output/content/festivals/uttaryan/footer.fragment
festivals/uttaryan/uttarayan-shu-chhe-gujarati.html,festivals/uttaryan/uttarayan-shu-chhe-gujarati.html,yes,merged,/Users/prashantdhingra/e/a3_output/happy-new-year.org/output/content/festivals/uttaryan/footer.fragment
festivals/uttaryan/uttarayan-kite-festival.html,festivals/uttaryan/uttarayan-kite-festival.html,yes,merged,/Users/prashantdhingra/e/a3_output/happy-new-year.org/output/content/festivals/uttaryan/footer.fragment
festivals/uttaryan/uttarayan-wishes-quotes-messages-social-content.html,festivals/uttaryan/uttarayan-wishes-quotes-messages-social-content.html,yes,merged,/Users/prashantdhingra/e/a3_output/happy-new-year.org/output/content/festivals/uttaryan/footer.fragment
festivals/uttaryan/traditional-uttarayan-recipes-undhiyu-til-chikki.html,festivals/uttaryan/recipes-undhiyu-til-chikki.html,yes,merged,/Users/prashantdhingra/e/a3_output/happy-new-year.org/output/content/festivals/uttaryan/footer.fragment
festivals/thanks-giving/spiritual.htm,festivals/thanks-giving/spiritual.html,yes,merged,/Users/prashantdhingra/e/a3_output/happy-new-year.org/output/content/festivals/thanks-giving/footer.fragment
festivals/thanks-giving/greetings/thanks-giving-greetings.htm,festivals/thanks-giving/greetings/thanks-giving-greetings.html,yes,merged,/Users/prashantdhingra/e/a3_output/happy-new-year.org/output/content/festivals/thanks-giving/greetings/footer.fragment
festivals/easter/eco-friendly-easter-sustainable-ways-celebrate.htm,festivals/easter/eco-friendly-easter-sustainable-ways-celebrate.html,yes,merged,/Users/prashantdhingra/e/a3_output/happy-new-year.org/output/content/festivals/easter/footer.fragment
festivals/easter/easter-games-activities-family-gatherings.htm,festivals/easter/easter-games-activities-family-gatherings.html,yes,merged,/Users/prashantdhingra/e/a3_output/happy-new-year.org/output/content/festivals/easter/footer.fragment
festivals/easter/spiritual.htm,festivals/easter/spiritual.html,yes,merged,/Users/prashantdhingra/e/a3_output/happy-new-year.org/output/content/festivals/easter/footer.fragment
festivals/easter/inspiration.htm,festivals/easter/inspiration.html,yes,merged,/Users/prashantdhingra/e/a3_output/happy-new-year.org/output/content/festivals/easter/footer.fragment
festivals/easter/easter-spring-fashion-trends-outfit-ideas.htm,festivals/easter/easter-spring-fashion-trends-outfit-ideas.html,yes,merged,/Users/prashantdhingra/e/a3_output/happy-new-year.org/output/content/festivals/easter/footer.fragment
festivals/easter/usa.htm,festivals/easter/usa.html,yes,merged,/Users/prashantdhingra/e/a3_output/happy-new-year.org/output/content/festivals/easter/footer.fragment
festivals/easter/easter-gift-ideas-unique-presents.htm,festivals/easter/easter-gift-ideas-unique-presents.html,yes,merged,/Users/prashantdhingra/e/a3_output/happy-new-year.org/output/content/festivals/easter/footer.fragment
festivals/easter/meaning-of-easter-symbols-eggs-bunnies.htm,festivals/easter/meaning-of-easter-symbols-eggs-bunnies.html,yes,merged,/Users/prashantdhingra/e/a3_output/happy-new-year.org/output/content/festivals/easter/footer.fragment
festivals/easter/easter-recipes-traditional-and-modern-dishes.htm,festivals/easter/easter-recipes-traditional-and-modern-dishes.html,yes,merged,/Users/prashantdhingra/e/a3_output/happy-new-year.org/output/content/festivals/easter/footer.fragment
festivals/easter/receipt-treats.htm,festivals/easter/receipt-treats.html,yes,merged,/Users/prashantdhingra/e/a3_output/happy-new-year.org/output/content/festivals/easter/footer.fragment
festivals/easter/history-of-easter-origins-and-traditions.htm,festivals/easter/history-of-easter-origins-and-traditions.html,yes,merged,/Users/prashantdhingra/e/a3_output/happy-new-year.org/output/content/festivals/easter/footer.fragment
festivals/easter/egg-hunting.htm,festivals/easter/egg-hunting.html,yes,merged,/Users/prashantdhingra/e/a3_output/happy-new-year.org/output/content/festivals/easter/footer.fragment
festivals/easter/Easter-4.htm,festivals/easter/messages-for-easter.html,yes,merged,/Users/prashantdhingra/e/a3_output/happy-new-year.org/output/content/festivals/easter/footer.fragment
festivals/easter/religious-significance-of-easter-faith-renewal.htm,festivals/easter/religious-significance-of-easter-faith-renewal.html,yes,merged,/Users/prashantdhingra/e/a3_output/happy-new-year.org/output/content/festivals/easter/footer.fragment
festivals/easter/easter-around-the-world-different-cultures-celebration.htm,festivals/easter/easter-around-the-world-different-cultures-celebration.html,yes,merged,/Users/prashantdhingra/e/a3_output/happy-new-year.org/output/content/festivals/easter/footer.fragment
festivals/easter/unique-tradition.htm,festivals/easter/unique-tradition.html,yes,merged,/Users/prashantdhingra/e/a3_output/happy-new-year.org/output/content/festivals/easter/footer.fragment
festivals/easter/planning-easter-brunch-menu-decoration-ideas.htm,festivals/easter/planning-easter-brunch-menu-decoration-ideas.html,yes,merged,/Users/prashantdhingra/e/a3_output/happy-new-year.org/output/content/festivals/easter/footer.fragment
festivals/easter/history-symbolism.htm,festivals/easter/history-symbolism.html,yes,merged,/Users/prashantdhingra/e/a3_output/happy-new-year.org/output/content/festivals/easter/footer.fragment
festivals/easter/messages.htm,festivals/easter/messages.html,yes,merged,/Users/prashantdhingra/e/a3_output/happy-new-year.org/output/content/festivals/easter/footer.fragment
festivals/easter/vegan-treats.htm,festivals/easter/vegan-treats.html,yes,merged,/Users/prashantdhingra/e/a3_output/happy-new-year.org/output/content/festivals/easter/footer.fragment
festivals/easter/pictures.htm,festivals/easter/pictures.htm,no,merged,/Users/prashantdhingra/e/a3_output/happy-new-year.org/output/content/festivals/easter/footer.fragment
festivals/easter/organizing-perfect-easter-egg-hunt-tips.htm,festivals/easter/organizing-perfect-easter-egg-hunt-tips.html,yes,merged,/Users/prashantdhingra/e/a3_output/happy-new-year.org/output/content/festivals/easter/footer.fragment
festivals/easter/egg-decoration.htm,festivals/easter/egg-decoration.html,yes,merged,/Users/prashantdhingra/e/a3_output/happy-new-year.org/output/content/festivals/easter/footer.fragment
festivals/easter/europe-celebration.htm,festivals/easter/europe-celebration.html,yes,merged,/Users/prashantdhingra/e/a3_output/happy-new-year.org/output/content/festivals/easter/footer.fragment
festivals/easter/Best-Ideas-for-Easter-Celebration.htm,festivals/easter/best-ideas-for-easter-celebration.html,yes,merged,/Users/prashantdhingra/e/a3_output/happy-new-year.org/output/content/festivals/easter/footer.fragment
festivals/easter/easter-in-art-and-literature-iconic-depictions.htm,festivals/easter/easter-in-art-and-literature-iconic-depictions.html,yes,merged,/Users/prashantdhingra/e/a3_output/happy-new-year.org/output/content/festivals/easter/footer.fragment
festivals/easter/diy-easter-egg-decoration-ideas.htm,festivals/easter/diy-easter-egg-decoration-ideas.html,yes,merged,/Users/prashantdhingra/e/a3_output/happy-new-year.org/output/content/festivals/easter/footer.fragment
festivals/easter/spring-cleaning-easter-home-preparation.htm,festivals/easter/spring-cleaning-easter-home-preparation.html,yes,merged,/Users/prashantdhingra/e/a3_output/happy-new-year.org/output/content/festivals/easter/footer.fragment
festivals/easter/easter-eggs-bunny-traditions.html,festivals/easter/easter-eggs-bunny-traditions.html,yes,merged,/Users/prashantdhingra/e/a3_output/happy-new-year.org/output/content/festivals/easter/footer.fragment
festivals/easter/quotes.htm,festivals/easter/quotes.html,yes,merged,/Users/prashantdhingra/e/a3_output/happy-new-year.org/output/content/festivals/easter/footer.fragment
festivals/easter/italy-celebration.htm,festivals/easter/italy-celebration.html,yes,merged,/Users/prashantdhingra/e/a3_output/happy-new-year.org/output/content/festivals/easter/footer.fragment
festivals/easter/easter-crafts-for-kids-fun-activities.htm,festivals/easter/easter-crafts-for-kids-fun-activities.html,yes,merged,/Users/prashantdhingra/e/a3_output/happy-new-year.org/output/content/festivals/easter/footer.fragment
festivals/easter/easter-meaning.html,festivals/easter/index.html,yes,merged,/Users/prashantdhingra/e/a3_output/happy-new-year.org/output/content/festivals/easter/footer.fragment
festivals/lohri/lohri-festival.html,festivals/lohri/lohri-punjabi-festival.html,yes,merged,/Users/prashantdhingra/e/a3_output/happy-new-year.org/output/content/festivals/lohri/footer.fragment
festivals/lohri/lohri-celebrating-agriculture-nature-rhythm.html,festivals/lohri/lohri-for-farmers.html,yes,merged,/Users/prashantdhingra/e/a3_output/happy-new-year.org/output/content/festivals/lohri/footer.fragment
festivals/lohri/lohri-rituals.html,festivals/lohri/rituals.html,yes,merged,/Users/prashantdhingra/e/a3_output/happy-new-year.org/output/content/festivals/lohri/footer.fragment
festivals/lohri/lohri-traditional-sweets-recipes.html,festivals/lohri/lohri-traditional-sweets-recipes.html,yes,merged,/Users/prashantdhingra/e/a3_output/happy-new-year.org/output/content/festivals/lohri/footer.fragment
festivals/lohri/lohri-food-specialties.html,festivals/lohri/lohri-food.html,yes,merged,/Users/prashantdhingra/e/a3_output/happy-new-year.org/output/content/festivals/lohri/footer.fragment
festivals/lohri/traditional-lohri-songs.html,festivals/lohri/famous-lohri-songs.html,yes,merged,/Users/prashantdhingra/e/a3_output/happy-new-year.org/output/content/festivals/lohri/footer.fragment
festivals/lohri/lohri-photos-source.htm,festivals/lohri/index.html,yes,merged,/Users/prashantdhingra/e/a3_output/happy-new-year.org/output/content/festivals/lohri/footer.fragment
festivals/lohri/kids-lohri.html,festivals/lohri/kids-lohri-celebration.html,yes,merged,/Users/prashantdhingra/e/a3_output/happy-new-year.org/output/content/festivals/lohri/footer.fragment
festivals/lohri/lohri-special-food.html,festivals/lohri/lohri-winter-food.html,yes,merged,/Users/prashantdhingra/e/a3_output/happy-new-year.org/output/content/festivals/lohri/footer.fragment
festivals/lohri/lohri-history-bonfire-makar-sankranti.html,festivals/lohri/bonefire.html,yes,merged,/Users/prashantdhingra/e/a3_output/happy-new-year.org/output/content/festivals/lohri/footer.fragment
festivals/lohri/lohri-wishes-26.html,festivals/lohri/lohri-wishes-26.html,yes,merged,/Users/prashantdhingra/e/a3_output/happy-new-year.org/output/content/festivals/lohri/footer.fragment
festivals/lohri/quotes-lohri.htm,festivals/lohri/quotes-lohri.html,yes,merged,/Users/prashantdhingra/e/a3_output/happy-new-year.org/output/content/festivals/lohri/footer.fragment
festivals/lohri/traditonal-lohri-foods.html,festivals/lohri/famous-lohri-foods.html,yes,merged,/Users/prashantdhingra/e/a3_output/happy-new-year.org/output/content/festivals/lohri/footer.fragment
festivals/lohri/first-lohri.html,festivals/lohri/first-lohri-for-newborn-newly-weds.html,yes,merged,/Users/prashantdhingra/e/a3_output/happy-new-year.org/output/content/festivals/lohri/footer.fragment
festivals/lohri/dulla-bhatti.html,festivals/lohri/dulla-bhatti-song-story-for-lohri.html,yes,merged,/Users/prashantdhingra/e/a3_output/happy-new-year.org/output/content/festivals/lohri/footer.fragment
festivals/lohri/lohri-songs-meaning.html,festivals/lohri/songs-meaning.html,yes,merged,/Users/prashantdhingra/e/a3_output/happy-new-year.org/output/content/festivals/lohri/footer.fragment
festivals/lohri/lohri-music-dance.html,festivals/lohri/bhangra-dance.html,yes,merged,/Users/prashantdhingra/e/a3_output/happy-new-year.org/output/content/festivals/lohri/footer.fragment
festivals/lohri/lohri-rituals-and-songs.html,festivals/lohri/rituals-and-songs.html,yes,merged,/Users/prashantdhingra/e/a3_output/happy-new-year.org/output/content/festivals/lohri/footer.fragment
festivals/lohri/lohri-menu.html,festivals/lohri/food-menu.html,yes,merged,/Users/prashantdhingra/e/a3_output/happy-new-year.org/output/content/festivals/lohri/footer.fragment
festivals/lohri/lohri-across-generations.html,festivals/lohri/lohri-changes.html,yes,merged,/Users/prashantdhingra/e/a3_output/happy-new-year.org/output/content/festivals/lohri/footer.fragment
festivals/lohri/office-lohri.html,festivals/lohri/office-lohri.html,yes,merged,/Users/prashantdhingra/e/a3_output/happy-new-year.org/output/content/festivals/lohri/footer.fragment
festivals/lohri/lohri-stories/lohri-stories.htm,festivals/lohri/lohri-stories/index.html,yes,merged,/Users/prashantdhingra/e/a3_output/happy-new-year.org/output/content/festivals/lohri/lohri-stories/footer.fragment
festivals/rakhi/bengali-raksha-bandhan-wishes.html,festivals/rakhi/bengali-raksha-bandhan-wishes.html,yes,merged,/Users/prashantdhingra/e/a3_output/happy-new-year.org/output/content/festivals/rakhi/footer.fragment
festivals/rakhi/kashmiri-raksha-bandhan-wishes-themed.html,festivals/rakhi/kashmiri-raksha-bandhan-wishes.html,yes,merged,/Users/prashantdhingra/e/a3_output/happy-new-year.org/output/content/festivals/rakhi/footer.fragment
festivals/rakhi/odia-language-raksha-bandhan-wishes.html,festivals/rakhi/odia-language-raksha-bandhan-wishes.html,no,merged,/Users/prashantdhingra/e/a3_output/happy-new-year.org/output/content/festivals/rakhi/footer.fragment
festivals/rakhi/raksha-bandhan-gift-guide-ecommerce.html,festivals/rakhi/raksha-bandhan-gift-guide-ecommerce.html,yes,merged,/Users/prashantdhingra/e/a3_output/happy-new-year.org/output/content/festivals/rakhi/footer.fragment
festivals/rakhi/quotes-rakhi.htm,festivals/rakhi/quotes-rakhi.html,yes,merged,/Users/prashantdhingra/e/a3_output/happy-new-year.org/output/content/festivals/rakhi/footer.fragment
festivals/rakhi/hindi-raksha-bandhan-wishes.html,festivals/rakhi/hindi-raksha-bandhan-wishes.html,yes,merged,/Users/prashantdhingra/e/a3_output/happy-new-year.org/output/content/festivals/rakhi/footer.fragment
festivals/rakhi/odia-raksha-bandhan-wishes.html,festivals/rakhi/odia-raksha-bandhan-wishes.html,yes,merged,/Users/prashantdhingra/e/a3_output/happy-new-year.org/output/content/festivals/rakhi/footer.fragment
festivals/rakhi/रक्षा-बंधन-शुभकामनाएँ—हिंदी-शुभकामनाएँ.html,festivals/rakhi/रक्षा-बंधन-शुभकामनाएँ—हिंदी-शुभकामनाएँ.html,yes,merged,/Users/prashantdhingra/e/a3_output/happy-new-year.org/output/content/festivals/rakhi/footer.fragment
festivals/rakhi/raksha-bandhan-negotiations.html,festivals/rakhi/raksha-bandhan-negotiations.html,yes,merged,/Users/prashantdhingra/e/a3_output/happy-new-year.org/output/content/festivals/rakhi/footer.fragment
festivals/rakhi/assamese-raksha-bandhan-wishes.html,festivals/rakhi/assamese-raksha-bandhan-wishes.html,yes,merged,/Users/prashantdhingra/e/a3_output/happy-new-year.org/output/content/festivals/rakhi/footer.fragment
festivals/rakhi/garhwali-raksha-bandhan-wishes.html,festivals/rakhi/garhwali-raksha-bandhan-wishes.html,yes,merged,/Users/prashantdhingra/e/a3_output/happy-new-year.org/output/content/festivals/rakhi/footer.fragment
festivals/rakhi/rakhi.htm,festivals/rakhi/when-is.html,yes,merged,/Users/prashantdhingra/e/a3_output/happy-new-year.org/output/content/festivals/rakhi/footer.fragment
festivals/rakhi/gift-rakhi.htm,festivals/rakhi/gift-rakhi.html,yes,merged,/Users/prashantdhingra/e/a3_output/happy-new-year.org/output/content/festivals/rakhi/footer.fragment
festivals/rakhi/bhojpuri-raksha-bandhan-wishes.html,festivals/rakhi/bhojpuri-raksha-bandhan-wishes.html,yes,merged,/Users/prashantdhingra/e/a3_output/happy-new-year.org/output/content/festivals/rakhi/footer.fragment
festivals/rakhi/dogri-raksha-bandhan-wishes.html,festivals/rakhi/dogri-raksha-bandhan-wishes.html,yes,merged,/Users/prashantdhingra/e/a3_output/happy-new-year.org/output/content/festivals/rakhi/footer.fragment
festivals/rakhi/gujarati-raksha-bandhan-wishes.html,festivals/rakhi/gujarati-raksha-bandhan-wishes.html,yes,merged,/Users/prashantdhingra/e/a3_output/happy-new-year.org/output/content/festivals/rakhi/footer.fragment
festivals/rakhi/rajasthani-raksha-bandhan-wishes.html,festivals/rakhi/rajasthani-raksha-bandhan-wishes.html,yes,merged,/Users/prashantdhingra/e/a3_output/happy-new-year.org/output/content/festivals/rakhi/footer.fragment
festivals/rakhi/raksha-bandhan-complete-guide.html,festivals/rakhi/index.html,yes,merged,/Users/prashantdhingra/e/a3_output/happy-new-year.org/output/content/festivals/rakhi/footer.fragment
festivals/rakhi/wishes-in-different-languages.html,festivals/rakhi/wishes-in-different-languages.html,no,merged,/Users/prashantdhingra/e/a3_output/happy-new-year.org/output/content/festivals/rakhi/footer.fragment
festivals/halloween/WP_20141011_043.htm,festivals/halloween/WP_20141011_043.htm,no,merged,/Users/prashantdhingra/e/a3_output/happy-new-year.org/output/content/festivals/halloween/footer.fragment
festivals/halloween/WP_20141011_042.htm,festivals/halloween/WP_20141011_042.htm,no,merged,/Users/prashantdhingra/e/a3_output/happy-new-year.org/output/content/festivals/halloween/footer.fragment
festivals/halloween/story-moral.htm,festivals/halloween/story-moral.html,yes,merged,/Users/prashantdhingra/e/a3_output/happy-new-year.org/output/content/festivals/halloween/footer.fragment
festivals/halloween/WP_20141011_040.htm,festivals/halloween/WP_20141011_040.htm,no,merged,/Users/prashantdhingra/e/a3_output/happy-new-year.org/output/content/festivals/halloween/footer.fragment
festivals/halloween/WP_20141011_041.htm,festivals/halloween/WP_20141011_041.htm,no,merged,/Users/prashantdhingra/e/a3_output/happy-new-year.org/output/content/festivals/halloween/footer.fragment
festivals/halloween/halloween-office-decoration.htm,festivals/halloween/halloween-office-decoration.html,yes,merged,/Users/prashantdhingra/e/a3_output/happy-new-year.org/output/content/festivals/halloween/footer.fragment
festivals/halloween/WP_20141011_045.htm,festivals/halloween/WP_20141011_045.htm,no,merged,/Users/prashantdhingra/e/a3_output/happy-new-year.org/output/content/festivals/halloween/footer.fragment
festivals/halloween/WP_20141011_044.htm,festivals/halloween/WP_20141011_044.htm,no,merged,/Users/prashantdhingra/e/a3_output/happy-new-year.org/output/content/festivals/halloween/footer.fragment
festivals/halloween/WP_20141011_046.htm,festivals/halloween/WP_20141011_046.htm,no,merged,/Users/prashantdhingra/e/a3_output/happy-new-year.org/output/content/festivals/halloween/footer.fragment
festivals/halloween/WP_20141011_047.htm,festivals/halloween/WP_20141011_047.htm,no,merged,/Users/prashantdhingra/e/a3_output/happy-new-year.org/output/content/festivals/halloween/footer.fragment
festivals/halloween/hallowwn-wishes-in-european-languages.htm,festivals/halloween/hallowwn-wishes-in-european-languages.html,yes,merged,/Users/prashantdhingra/e/a3_output/happy-new-year.org/output/content/festivals/halloween/footer.fragment
festivals/halloween/WP_20141011_020.htm,festivals/halloween/WP_20141011_020.htm,no,merged,/Users/prashantdhingra/e/a3_output/happy-new-year.org/output/content/festivals/halloween/footer.fragment
festivals/halloween/WP_20141011_034.htm,festivals/halloween/WP_20141011_034.htm,no,merged,/Users/prashantdhingra/e/a3_output/happy-new-year.org/output/content/festivals/halloween/footer.fragment
festivals/halloween/WP_20141011_008.htm,festivals/halloween/WP_20141011_008.htm,no,merged,/Users/prashantdhingra/e/a3_output/happy-new-year.org/output/content/festivals/halloween/footer.fragment
festivals/halloween/WP_20141011_009.htm,festivals/halloween/WP_20141011_009.htm,no,merged,/Users/prashantdhingra/e/a3_output/happy-new-year.org/output/content/festivals/halloween/footer.fragment
festivals/halloween/WP_20141011_035.htm,festivals/halloween/WP_20141011_035.htm,no,merged,/Users/prashantdhingra/e/a3_output/happy-new-year.org/output/content/festivals/halloween/footer.fragment
festivals/halloween/WP_20141011_021.htm,festivals/halloween/WP_20141011_021.htm,no,merged,/Users/prashantdhingra/e/a3_output/happy-new-year.org/output/content/festivals/halloween/footer.fragment
festivals/halloween/WP_20141011_037.htm,festivals/halloween/WP_20141011_037.htm,no,merged,/Users/prashantdhingra/e/a3_output/happy-new-year.org/output/content/festivals/halloween/footer.fragment
festivals/halloween/WP_20141011_023.htm,festivals/halloween/WP_20141011_023.htm,no,merged,/Users/prashantdhingra/e/a3_output/happy-new-year.org/output/content/festivals/halloween/footer.fragment
festivals/halloween/WP_20141011_022.htm,festivals/halloween/WP_20141011_022.htm,no,merged,/Users/prashantdhingra/e/a3_output/happy-new-year.org/output/content/festivals/halloween/footer.fragment
festivals/halloween/WP_20141011_036.htm,festivals/halloween/WP_20141011_036.htm,no,merged,/Users/prashantdhingra/e/a3_output/happy-new-year.org/output/content/festivals/halloween/footer.fragment
festivals/halloween/halloweeen.htm,festivals/halloween/halloweeen.html,yes,merged,/Users/prashantdhingra/e/a3_output/happy-new-year.org/output/content/festivals/halloween/footer.fragment
festivals/halloween/WP_20141011_032.htm,festivals/halloween/WP_20141011_032.htm,no,merged,/Users/prashantdhingra/e/a3_output/happy-new-year.org/output/content/festivals/halloween/footer.fragment
festivals/halloween/WP_20141011_026.htm,festivals/halloween/WP_20141011_026.htm,no,merged,/Users/prashantdhingra/e/a3_output/happy-new-year.org/output/content/festivals/halloween/footer.fragment
festivals/halloween/WP_20141011_027.htm,festivals/halloween/WP_20141011_027.htm,no,merged,/Users/prashantdhingra/e/a3_output/happy-new-year.org/output/content/festivals/halloween/footer.fragment
festivals/halloween/WP_20141011_033.htm,festivals/halloween/WP_20141011_033.htm,no,merged,/Users/prashantdhingra/e/a3_output/happy-new-year.org/output/content/festivals/halloween/footer.fragment
festivals/halloween/trick-treat.htm,festivals/halloween/trick-treat.html,yes,merged,/Users/prashantdhingra/e/a3_output/happy-new-year.org/output/content/festivals/halloween/footer.fragment
festivals/halloween/WP_20141011_019.htm,festivals/halloween/WP_20141011_019.htm,no,merged,/Users/prashantdhingra/e/a3_output/happy-new-year.org/output/content/festivals/halloween/footer.fragment
festivals/halloween/WP_20141011_025.htm,festivals/halloween/WP_20141011_025.htm,no,merged,/Users/prashantdhingra/e/a3_output/happy-new-year.org/output/content/festivals/halloween/footer.fragment
festivals/halloween/WP_20141011_031.htm,festivals/halloween/WP_20141011_031.htm,no,merged,/Users/prashantdhingra/e/a3_output/happy-new-year.org/output/content/festivals/halloween/footer.fragment
festivals/halloween/WP_20141011_030.htm,festivals/halloween/WP_20141011_030.htm,no,merged,/Users/prashantdhingra/e/a3_output/happy-new-year.org/output/content/festivals/halloween/footer.fragment
festivals/halloween/WP_20141011_024.htm,festivals/halloween/WP_20141011_024.htm,no,merged,/Users/prashantdhingra/e/a3_output/happy-new-year.org/output/content/festivals/halloween/footer.fragment
festivals/halloween/WP_20141011_018.htm,festivals/halloween/WP_20141011_018.htm,no,merged,/Users/prashantdhingra/e/a3_output/happy-new-year.org/output/content/festivals/halloween/footer.fragment
festivals/halloween/WP_20141011_001.htm,festivals/halloween/WP_20141011_001.htm,no,merged,/Users/prashantdhingra/e/a3_output/happy-new-year.org/output/content/festivals/halloween/footer.fragment
festivals/halloween/WP_20141011_015.htm,festivals/halloween/WP_20141011_015.htm,no,merged,/Users/prashantdhingra/e/a3_output/happy-new-year.org/output/content/festivals/halloween/footer.fragment
festivals/halloween/WP_20141011_029.htm,festivals/halloween/WP_20141011_029.htm,no,merged,/Users/prashantdhingra/e/a3_output/happy-new-year.org/output/content/festivals/halloween/footer.fragment
festivals/halloween/WP_20141011_028.htm,festivals/halloween/WP_20141011_028.htm,no,merged,/Users/prashantdhingra/e/a3_output/happy-new-year.org/output/content/festivals/halloween/footer.fragment
festivals/halloween/WP_20141011_014.htm,festivals/halloween/WP_20141011_014.htm,no,merged,/Users/prashantdhingra/e/a3_output/happy-new-year.org/output/content/festivals/halloween/footer.fragment
festivals/halloween/most-searched-items.htm,festivals/halloween/most-searched-items.html,yes,merged,/Users/prashantdhingra/e/a3_output/happy-new-year.org/output/content/festivals/halloween/footer.fragment
festivals/halloween/WP_20141011_016.htm,festivals/halloween/WP_20141011_016.htm,no,merged,/Users/prashantdhingra/e/a3_output/happy-new-year.org/output/content/festivals/halloween/footer.fragment
festivals/halloween/WP_20141011_002.htm,festivals/halloween/WP_20141011_002.htm,no,merged,/Users/prashantdhingra/e/a3_output/happy-new-year.org/output/content/festivals/halloween/footer.fragment
festivals/halloween/WP_20141011_003.htm,festivals/halloween/WP_20141011_003.htm,no,merged,/Users/prashantdhingra/e/a3_output/happy-new-year.org/output/content/festivals/halloween/footer.fragment
festivals/halloween/WP_20141011_017.htm,festivals/halloween/WP_20141011_017.htm,no,merged,/Users/prashantdhingra/e/a3_output/happy-new-year.org/output/content/festivals/halloween/footer.fragment
festivals/halloween/WP_20141011_013.htm,festivals/halloween/WP_20141011_013.htm,no,merged,/Users/prashantdhingra/e/a3_output/happy-new-year.org/output/content/festivals/halloween/footer.fragment
festivals/halloween/WP_20141011_007.htm,festivals/halloween/WP_20141011_007.htm,no,merged,/Users/prashantdhingra/e/a3_output/happy-new-year.org/output/content/festivals/halloween/footer.fragment
festivals/halloween/halloween-wishes.htm,festivals/halloween/halloween-wishes.html,yes,merged,/Users/prashantdhingra/e/a3_output/happy-new-year.org/output/content/festivals/halloween/footer.fragment
festivals/halloween/WP_20141011_006.htm,festivals/halloween/WP_20141011_006.htm,no,merged,/Users/prashantdhingra/e/a3_output/happy-new-year.org/output/content/festivals/halloween/footer.fragment
festivals/halloween/WP_20141011_012.htm,festivals/halloween/WP_20141011_012.htm,no,merged,/Users/prashantdhingra/e/a3_output/happy-new-year.org/output/content/festivals/halloween/footer.fragment
festivals/halloween/WP_20141011_038.htm,festivals/halloween/WP_20141011_038.htm,no,merged,/Users/prashantdhingra/e/a3_output/happy-new-year.org/output/content/festivals/halloween/footer.fragment
festivals/halloween/WP_20141011_004.htm,festivals/halloween/WP_20141011_004.htm,no,merged,/Users/prashantdhingra/e/a3_output/happy-new-year.org/output/content/festivals/halloween/footer.fragment
festivals/halloween/WP_20141011_010.htm,festivals/halloween/WP_20141011_010.htm,no,merged,/Users/prashantdhingra/e/a3_output/happy-new-year.org/output/content/festivals/halloween/footer.fragment
festivals/halloween/WP_20141011_011.htm,festivals/halloween/WP_20141011_011.htm,no,merged,/Users/prashantdhingra/e/a3_output/happy-new-year.org/output/content/festivals/halloween/footer.fragment
festivals/halloween/WP_20141011_005.htm,festivals/halloween/WP_20141011_005.htm,no,merged,/Users/prashantdhingra/e/a3_output/happy-new-year.org/output/content/festivals/halloween/footer.fragment
festivals/halloween/WP_20141011_039.htm,festivals/halloween/WP_20141011_039.htm,no,merged,/Users/prashantdhingra/e/a3_output/happy-new-year.org/output/content/festivals/halloween/footer.fragment
festivals/halloween/gen.htm,festivals/halloween/gen.htm,no,merged,/Users/prashantdhingra/e/a3_output/happy-new-year.org/output/content/festivals/halloween/footer.fragment
festivals/halloween/wishes-trick-treat.htm,festivals/halloween/wishes-trick-treat.html,yes,merged,/Users/prashantdhingra/e/a3_output/happy-new-year.org/output/content/festivals/halloween/footer.fragment
festivals/halloween/WP_20141011_048.htm,festivals/halloween/WP_20141011_048.htm,no,merged,/Users/prashantdhingra/e/a3_output/happy-new-year.org/output/content/festivals/halloween/footer.fragment
festivals/halloween/Halloween-date-1.htm,festivals/halloween/halloween-costume-suggestion.html,yes,merged,/Users/prashantdhingra/e/a3_output/happy-new-year.org/output/content/festivals/halloween/footer.fragment
festivals/halloween/Wines/gallery.htm,festivals/halloween/Wines/gallery.htm,no,merged,/Users/prashantdhingra/e/a3_output/happy-new-year.org/output/content/festivals/halloween/Wines/footer.fragment
festivals/halloween/Toys/gallery.htm,festivals/halloween/Toys/gallery.htm,no,merged,/Users/prashantdhingra/e/a3_output/happy-new-year.org/output/content/festivals/halloween/Toys/footer.fragment
festivals/halloween/cards/hallowen-candies.htm,festivals/halloween/cards/hallowen-candies.htm,no,merged,/Users/prashantdhingra/e/a3_output/happy-new-year.org/output/content/festivals/halloween/cards/footer.fragment
festivals/halloween/cards/house.htm,festivals/halloween/cards/house.htm,no,merged,/Users/prashantdhingra/e/a3_output/happy-new-year.org/output/content/festivals/halloween/cards/footer.fragment
festivals/halloween/cards/ghost-decor.htm,festivals/halloween/cards/ghost-decor.htm,no,merged,/Users/prashantdhingra/e/a3_output/happy-new-year.org/output/content/festivals/halloween/cards/footer.fragment
festivals/halloween/cards/icons-halloween.htm,festivals/halloween/cards/icons-halloween.htm,no,merged,/Users/prashantdhingra/e/a3_output/happy-new-year.org/output/content/festivals/halloween/cards/footer.fragment
festivals/halloween/cards/house-decoration.htm,festivals/halloween/cards/house-decoration.htm,no,merged,/Users/prashantdhingra/e/a3_output/happy-new-year.org/output/content/festivals/halloween/cards/footer.fragment
festivals/halloween/cards/halloween-orgami-8.htm,festivals/halloween/cards/halloween-orgami-8.htm,no,merged,/Users/prashantdhingra/e/a3_output/happy-new-year.org/output/content/festivals/halloween/cards/footer.fragment
festivals/halloween/cards/halloween-garage-decoration.htm,festivals/halloween/cards/halloween-garage-decoration.htm,no,merged,/Users/prashantdhingra/e/a3_output/happy-new-year.org/output/content/festivals/halloween/cards/footer.fragment
festivals/halloween/cards/orgami-characters.htm,festivals/halloween/cards/orgami-characters.htm,no,merged,/Users/prashantdhingra/e/a3_output/happy-new-year.org/output/content/festivals/halloween/cards/footer.fragment
festivals/halloween/cards/halloween-decoration-indoor.htm,festivals/halloween/cards/halloween-decoration-indoor.htm,no,merged,/Users/prashantdhingra/e/a3_output/happy-new-year.org/output/content/festivals/halloween/cards/footer.fragment
festivals/halloween/cards/halloween-orgami-9.htm,festivals/halloween/cards/halloween-orgami-9.htm,no,merged,/Users/prashantdhingra/e/a3_output/happy-new-year.org/output/content/festivals/halloween/cards/footer.fragment
festivals/halloween/cards/halloween-external-decor.htm,festivals/halloween/cards/halloween-external-decor.htm,no,merged,/Users/prashantdhingra/e/a3_output/happy-new-year.org/output/content/festivals/halloween/cards/footer.fragment
festivals/halloween/cards/pumpkin-horror.htm,festivals/halloween/cards/pumpkin-horror.htm,no,merged,/Users/prashantdhingra/e/a3_output/happy-new-year.org/output/content/festivals/halloween/cards/footer.fragment
festivals/halloween/cards/halloween-external-decoration.htm,festivals/halloween/cards/halloween-external-decoration.htm,no,merged,/Users/prashantdhingra/e/a3_output/happy-new-year.org/output/content/festivals/halloween/cards/footer.fragment
festivals/halloween/cards/diwali-halloween-8.htm,festivals/halloween/cards/diwali-halloween-8.htm,no,merged,/Users/prashantdhingra/e/a3_output/happy-new-year.org/output/content/festivals/halloween/cards/footer.fragment
festivals/halloween/cards/halloween-diwali.htm,festivals/halloween/cards/halloween-diwali.htm,no,merged,/Users/prashantdhingra/e/a3_output/happy-new-year.org/output/content/festivals/halloween/cards/footer.fragment
festivals/halloween/cards/house-light.htm,festivals/halloween/cards/house-light.htm,no,merged,/Users/prashantdhingra/e/a3_output/happy-new-year.org/output/content/festivals/halloween/cards/footer.fragment
festivals/halloween/cards/house-decor-diwali-halloween.htm,festivals/halloween/cards/house-decor-diwali-halloween.htm,no,merged,/Users/prashantdhingra/e/a3_output/happy-new-year.org/output/content/festivals/halloween/cards/footer.fragment
festivals/halloween/cards/horror-funny-decor.htm,festivals/halloween/cards/horror-funny-decor.htm,no,merged,/Users/prashantdhingra/e/a3_output/happy-new-year.org/output/content/festivals/halloween/cards/footer.fragment
festivals/halloween/cards/card-decoration.htm,festivals/halloween/cards/card-decoration.htm,no,merged,/Users/prashantdhingra/e/a3_output/happy-new-year.org/output/content/festivals/halloween/cards/footer.fragment
festivals/halloween/cards/halloween-setup.htm,festivals/halloween/cards/halloween-setup.htm,no,merged,/Users/prashantdhingra/e/a3_output/happy-new-year.org/output/content/festivals/halloween/cards/footer.fragment
festivals/halloween/cards/halloween-orgami-characters.htm,festivals/halloween/cards/halloween-orgami-characters.htm,no,merged,/Users/prashantdhingra/e/a3_output/happy-new-year.org/output/content/festivals/halloween/cards/footer.fragment
festivals/halloween/cards/halloween-good.htm,festivals/halloween/cards/halloween-good.htm,no,merged,/Users/prashantdhingra/e/a3_output/happy-new-year.org/output/content/festivals/halloween/cards/footer.fragment
festivals/halloween/cards/halloween-orgami-15.htm,festivals/halloween/cards/halloween-orgami-15.htm,no,merged,/Users/prashantdhingra/e/a3_output/happy-new-year.org/output/content/festivals/halloween/cards/footer.fragment
festivals/halloween/cards/halloween-street-celebration-2.htm,festivals/halloween/cards/halloween-street-celebration-2.htm,no,merged,/Users/prashantdhingra/e/a3_output/happy-new-year.org/output/content/festivals/halloween/cards/footer.fragment
festivals/halloween/cards/vampire.htm,festivals/halloween/cards/vampire.htm,no,merged,/Users/prashantdhingra/e/a3_output/happy-new-year.org/output/content/festivals/halloween/cards/footer.fragment
festivals/halloween/cards/halloween-street-celebration-3.htm,festivals/halloween/cards/halloween-street-celebration-3.htm,no,merged,/Users/prashantdhingra/e/a3_output/happy-new-year.org/output/content/festivals/halloween/cards/footer.fragment
festivals/halloween/cards/diwali-halloween-decoration-1.htm,festivals/halloween/cards/diwali-halloween-decoration-1.htm,no,merged,/Users/prashantdhingra/e/a3_output/happy-new-year.org/output/content/festivals/halloween/cards/footer.fragment
festivals/halloween/cards/diwali-halloween-decoration-3.htm,festivals/halloween/cards/diwali-halloween-decoration-3.htm,no,merged,/Users/prashantdhingra/e/a3_output/happy-new-year.org/output/content/festivals/halloween/cards/footer.fragment
festivals/halloween/cards/halloween-orgami.htm,festivals/halloween/cards/halloween-orgami.htm,no,merged,/Users/prashantdhingra/e/a3_output/happy-new-year.org/output/content/festivals/halloween/cards/footer.fragment
festivals/halloween/cards/halloween-characters.htm,festivals/halloween/cards/halloween-characters.html,yes,merged,/Users/prashantdhingra/e/a3_output/happy-new-year.org/output/content/festivals/halloween/cards/footer.fragment
festivals/halloween/cards/halloween-street-celebration-1.htm,festivals/halloween/cards/halloween-street-celebration-1.htm,no,merged,/Users/prashantdhingra/e/a3_output/happy-new-year.org/output/content/festivals/halloween/cards/footer.fragment
festivals/halloween/cards/hallloween-diwali.htm,festivals/halloween/cards/hallloween-diwali.htm,no,merged,/Users/prashantdhingra/e/a3_output/happy-new-year.org/output/content/festivals/halloween/cards/footer.fragment
festivals/halloween/cards/halloween-character-made-from-candy.htm,festivals/halloween/cards/halloween-character-made-from-candy.htm,no,merged,/Users/prashantdhingra/e/a3_output/happy-new-year.org/output/content/festivals/halloween/cards/footer.fragment
festivals/halloween/cards/candy-decor.htm,festivals/halloween/cards/candy-decor.htm,no,merged,/Users/prashantdhingra/e/a3_output/happy-new-year.org/output/content/festivals/halloween/cards/footer.fragment
festivals/halloween/cards/diwali-halloween-decoration-2.htm,festivals/halloween/cards/diwali-halloween-decoration-2.htm,no,merged,/Users/prashantdhingra/e/a3_output/happy-new-year.org/output/content/festivals/halloween/cards/footer.fragment
festivals/halloween/cards/kids-costume.htm,festivals/halloween/cards/kids-costume.htm,no,merged,/Users/prashantdhingra/e/a3_output/happy-new-year.org/output/content/festivals/halloween/cards/footer.fragment
festivals/halloween/cards/diwali-halloween-decoration-6.htm,festivals/halloween/cards/diwali-halloween-decoration-6.htm,no,merged,/Users/prashantdhingra/e/a3_output/happy-new-year.org/output/content/festivals/halloween/cards/footer.fragment
festivals/halloween/cards/pictures.htm,festivals/halloween/cards/pictures.htm,no,merged,/Users/prashantdhingra/e/a3_output/happy-new-year.org/output/content/festivals/halloween/cards/footer.fragment
festivals/halloween/cards/halloween-witches-clowns.htm,festivals/halloween/cards/halloween-witches-clowns.htm,no,merged,/Users/prashantdhingra/e/a3_output/happy-new-year.org/output/content/festivals/halloween/cards/footer.fragment
festivals/halloween/cards/halloween-horror-character--made-from-candy.htm,festivals/halloween/cards/halloween-horror-character--made-from-candy.htm,no,merged,/Users/prashantdhingra/e/a3_output/happy-new-year.org/output/content/festivals/halloween/cards/footer.fragment
festivals/halloween/cards/halloween-house-decoration.htm,festivals/halloween/cards/halloween-house-decoration.htm,no,merged,/Users/prashantdhingra/e/a3_output/happy-new-year.org/output/content/festivals/halloween/cards/footer.fragment
festivals/halloween/cards/halloween-garage.htm,festivals/halloween/cards/halloween-garage.htm,no,merged,/Users/prashantdhingra/e/a3_output/happy-new-year.org/output/content/festivals/halloween/cards/footer.fragment
festivals/halloween/cards/gen.htm,festivals/halloween/cards/gen.htm,no,merged,/Users/prashantdhingra/e/a3_output/happy-new-year.org/output/content/festivals/halloween/cards/footer.fragment
festivals/halloween/cards/halloween-orgami-7.htm,festivals/halloween/cards/halloween-orgami-7.htm,no,merged,/Users/prashantdhingra/e/a3_output/happy-new-year.org/output/content/festivals/halloween/cards/footer.fragment
festivals/halloween/cards/diwali-halloween-decoration.htm,festivals/halloween/cards/diwali-halloween-decoration.htm,no,merged,/Users/prashantdhingra/e/a3_output/happy-new-year.org/output/content/festivals/halloween/cards/footer.fragment
festivals/halloween/cards/halloween-orgami-6.htm,festivals/halloween/cards/halloween-orgami-6.htm,no,merged,/Users/prashantdhingra/e/a3_output/happy-new-year.org/output/content/festivals/halloween/cards/footer.fragment
festivals/halloween/cards/halloween-orgami-4.htm,festivals/halloween/cards/halloween-orgami-4.htm,no,merged,/Users/prashantdhingra/e/a3_output/happy-new-year.org/output/content/festivals/halloween/cards/footer.fragment
festivals/halloween/cards/witches.htm,festivals/halloween/cards/witches.htm,no,merged,/Users/prashantdhingra/e/a3_output/happy-new-year.org/output/content/festivals/halloween/cards/footer.fragment
festivals/halloween/cards/halloween-garage-setp.htm,festivals/halloween/cards/halloween-garage-setp.htm,no,merged,/Users/prashantdhingra/e/a3_output/happy-new-year.org/output/content/festivals/halloween/cards/footer.fragment
festivals/halloween/cards/screen-horror.htm,festivals/halloween/cards/screen-horror.htm,no,merged,/Users/prashantdhingra/e/a3_output/happy-new-year.org/output/content/festivals/halloween/cards/footer.fragment
festivals/halloween/cards/halloween-office-decoration-4.htm,festivals/halloween/cards/halloween-office-decoration-4.htm,no,merged,/Users/prashantdhingra/e/a3_output/happy-new-year.org/output/content/festivals/halloween/cards/footer.fragment
festivals/halloween/cards/halloween-orgami-1.htm,festivals/halloween/cards/halloween-orgami-1.htm,no,merged,/Users/prashantdhingra/e/a3_output/happy-new-year.org/output/content/festivals/halloween/cards/footer.fragment
festivals/halloween/cards/halloween-celebration-4.htm,festivals/halloween/cards/halloween-celebration-4.htm,no,merged,/Users/prashantdhingra/e/a3_output/happy-new-year.org/output/content/festivals/halloween/cards/footer.fragment
festivals/halloween/cards/halloween-candies.htm,festivals/halloween/cards/halloween-candies.htm,no,merged,/Users/prashantdhingra/e/a3_output/happy-new-year.org/output/content/festivals/halloween/cards/footer.fragment
festivals/halloween/cards/halloween-office-decoration-1.htm,festivals/halloween/cards/halloween-office-decoration-1.htm,no,merged,/Users/prashantdhingra/e/a3_output/happy-new-year.org/output/content/festivals/halloween/cards/footer.fragment
festivals/halloween/cards/house-external-decor-halloween.htm,festivals/halloween/cards/house-external-decor-halloween.htm,no,merged,/Users/prashantdhingra/e/a3_output/happy-new-year.org/output/content/festivals/halloween/cards/footer.fragment
festivals/halloween/cards/all-characters-halloween.htm,festivals/halloween/cards/all-characters-halloween.htm,no,merged,/Users/prashantdhingra/e/a3_output/happy-new-year.org/output/content/festivals/halloween/cards/footer.fragment
festivals/halloween/cards/horror-characters.htm,festivals/halloween/cards/horror-characters.htm,no,merged,/Users/prashantdhingra/e/a3_output/happy-new-year.org/output/content/festivals/halloween/cards/footer.fragment
festivals/halloween/cards/halloween-orgami-2.htm,festivals/halloween/cards/halloween-orgami-2.htm,no,merged,/Users/prashantdhingra/e/a3_output/happy-new-year.org/output/content/festivals/halloween/cards/footer.fragment
festivals/halloween/cards/characters-pumpkin.htm,festivals/halloween/cards/characters-pumpkin.htm,no,merged,/Users/prashantdhingra/e/a3_output/happy-new-year.org/output/content/festivals/halloween/cards/footer.fragment
festivals/halloween/cards/halloween-orgami-3.htm,festivals/halloween/cards/halloween-orgami-3.htm,no,merged,/Users/prashantdhingra/e/a3_output/happy-new-year.org/output/content/festivals/halloween/cards/footer.fragment
festivals/halloween/cards/halloween-house-outside.htm,festivals/halloween/cards/halloween-house-outside.htm,no,merged,/Users/prashantdhingra/e/a3_output/happy-new-year.org/output/content/festivals/halloween/cards/footer.fragment
festivals/halloween/cards/halloween-city-candies.htm,festivals/halloween/cards/halloween-city-candies.htm,no,merged,/Users/prashantdhingra/e/a3_output/happy-new-year.org/output/content/festivals/halloween/cards/footer.fragment
festivals/halloween/cards/halloween-office-decoration-2.htm,festivals/halloween/cards/halloween-office-decoration-2.htm,no,merged,/Users/prashantdhingra/e/a3_output/happy-new-year.org/output/content/festivals/halloween/cards/footer.fragment
festivals/halloween/Costumes/Halloween-costumes-ideas-for-boys.htm,festivals/halloween/Costumes/halloween-costumes-ideas-for-boys.html,yes,merged,/Users/prashantdhingra/e/a3_output/happy-new-year.org/output/content/festivals/halloween/Costumes/footer.fragment
festivals/halloween/Costumes/gallery.htm,festivals/halloween/Costumes/gallery.htm,no,merged,/Users/prashantdhingra/e/a3_output/happy-new-year.org/output/content/festivals/halloween/Costumes/footer.fragment
festivals/halloween/Costumes/Halloween-costumes-ideas-for-women.htm,festivals/halloween/Costumes/halloween-costumes-ideas-for-women.html,yes,merged,/Users/prashantdhingra/e/a3_output/happy-new-year.org/output/content/festivals/halloween/Costumes/footer.fragment
festivals/halloween/Costumes/Halloween-costumes-ideas-for-girls.htm,festivals/halloween/Costumes/halloween-costumes-ideas-for-girls.html,yes,merged,/Users/prashantdhingra/e/a3_output/happy-new-year.org/output/content/festivals/halloween/Costumes/footer.fragment
festivals/halloween/Costumes/Halloween-costumes-ideas-for-men.htm,festivals/halloween/Costumes/halloween-costumes-ideas-for-men.html,yes,merged,/Users/prashantdhingra/e/a3_output/happy-new-year.org/output/content/festivals/halloween/Costumes/footer.fragment
festivals/halloween/Decorations/gallery.htm,festivals/halloween/Decorations/gallery.htm,no,merged,/Users/prashantdhingra/e/a3_output/happy-new-year.org/output/content/festivals/halloween/Decorations/footer.fragment
festivals/halloween/Decorations/halloween-diwali.htm,festivals/halloween/Decorations/halloween-diwali.htm,no,merged,/Users/prashantdhingra/e/a3_output/happy-new-year.org/output/content/festivals/halloween/Decorations/footer.fragment
festivals/halloween/Pumpkins/gallery.htm,festivals/halloween/Pumpkins/gallery.htm,no,merged,/Users/prashantdhingra/e/a3_output/happy-new-year.org/output/content/festivals/halloween/Pumpkins/footer.fragment
festivals/halloween/wishes/hallowwn-wishes-in-european-languages.htm,festivals/halloween/wishes/index.html,yes,merged,/Users/prashantdhingra/e/a3_output/happy-new-year.org/output/content/festivals/halloween/wishes/footer.fragment
festivals/halloween/Gifts/gallery.htm,festivals/halloween/Gifts/gallery.htm,no,merged,/Users/prashantdhingra/e/a3_output/happy-new-year.org/output/content/festivals/halloween/Gifts/footer.fragment
festivals/halloween/street-decorations/pictures.htm,festivals/halloween/street-decorations/pictures.htm,no,merged,/Users/prashantdhingra/e/a3_output/happy-new-year.org/output/content/festivals/halloween/street-decorations/footer.fragment
festivals/halloween/Bikes/gallery.htm,festivals/halloween/Bikes/gallery.htm,no,merged,/Users/prashantdhingra/e/a3_output/happy-new-year.org/output/content/festivals/halloween/Bikes/footer.fragment
festivals/halloween/Masks/gallery.htm,festivals/halloween/Masks/gallery.htm,no,merged,/Users/prashantdhingra/e/a3_output/happy-new-year.org/output/content/festivals/halloween/Masks/footer.fragment
festivals/halloween/topics/1-diy-k-pop-hunters.htm,festivals/halloween/topics/1-diy-k-pop-hunters.html,yes,merged,/Users/prashantdhingra/e/a3_output/happy-new-year.org/output/content/festivals/halloween/topics/footer.fragment
festivals/janmashtami/wishes-in-malayalam.html,festivals/janmashtami/wishes-in-malayalam.html,no,merged,/Users/prashantdhingra/e/a3_output/happy-new-year.org/output/content/festivals/janmashtami/footer.fragment
festivals/janmashtami/krishna-janmashtami-guide.html,festivals/janmashtami/krishna-janmashtami-guide.html,yes,merged,/Users/prashantdhingra/e/a3_output/happy-new-year.org/output/content/festivals/janmashtami/footer.fragment
festivals/janmashtami/wishes-in-tamil.html,festivals/janmashtami/wishes-in-tamil.html,no,merged,/Users/prashantdhingra/e/a3_output/happy-new-year.org/output/content/festivals/janmashtami/footer.fragment
festivals/janmashtami/wishes-in-rajasthani.html,festivals/janmashtami/wishes-in-rajasthani.html,no,merged,/Users/prashantdhingra/e/a3_output/happy-new-year.org/output/content/festivals/janmashtami/footer.fragment
festivals/janmashtami/janmashtami-wishes-50-languages.html,festivals/janmashtami/janmashtami-wishes-50-languages.html,no,merged,/Users/prashantdhingra/e/a3_output/happy-new-year.org/output/content/festivals/janmashtami/footer.fragment
festivals/janmashtami/wishes-in-hindi.html,festivals/janmashtami/wishes-in-hindi.html,no,merged,/Users/prashantdhingra/e/a3_output/happy-new-year.org/output/content/festivals/janmashtami/footer.fragment
festivals/janmashtami/wishes-in-kashmiri.html,festivals/janmashtami/wishes-in-kashmiri.html,no,merged,/Users/prashantdhingra/e/a3_output/happy-new-year.org/output/content/festivals/janmashtami/footer.fragment
festivals/janmashtami/wishes-in-urdu.html,festivals/janmashtami/wishes-in-urdu.html,no,merged,/Users/prashantdhingra/e/a3_output/happy-new-year.org/output/content/festivals/janmashtami/footer.fragment
festivals/janmashtami/wishes-in-odia.html,festivals/janmashtami/wishes-in-odia.html,no,merged,/Users/prashantdhingra/e/a3_output/happy-new-year.org/output/content/festivals/janmashtami/footer.fragment
festivals/janmashtami/wishes-in-assamese.html,festivals/janmashtami/wishes-in-assamese.html,no,merged,/Users/prashantdhingra/e/a3_output/happy-new-year.org/output/content/festivals/janmashtami/footer.fragment
festivals/janmashtami/wishes-in-nepali.html,festivals/janmashtami/wishes-in-nepali.html,no,merged,/Users/prashantdhingra/e/a3_output/happy-new-year.org/output/content/festivals/janmashtami/footer.fragment
festivals/janmashtami/wishes-in-kannada.html,festivals/janmashtami/wishes-in-kannada.html,no,merged,/Users/prashantdhingra/e/a3_output/happy-new-year.org/output/content/festivals/janmashtami/footer.fragment
festivals/janmashtami/wishes-in-marathi.html,festivals/janmashtami/wishes-in-marathi.html,no,merged,/Users/prashantdhingra/e/a3_output/happy-new-year.org/output/content/festivals/janmashtami/footer.fragment
festivals/janmashtami/wishes-in-punjabi.html,festivals/janmashtami/wishes-in-punjabi.html,no,merged,/Users/prashantdhingra/e/a3_output/happy-new-year.org/output/content/festivals/janmashtami/footer.fragment
festivals/janmashtami/wishes-in-bhojpuri.html,festivals/janmashtami/wishes-in-bhojpuri.html,no,merged,/Users/prashantdhingra/e/a3_output/happy-new-year.org/output/content/festivals/janmashtami/footer.fragment
festivals/janmashtami/wishes-in-awadhi.html,festivals/janmashtami/wishes-in-awadhi.html,no,merged,/Users/prashantdhingra/e/a3_output/happy-new-year.org/output/content/festivals/janmashtami/footer.fragment
festivals/janmashtami/janmashtami-wishes-8-new-languages.html,festivals/janmashtami/janmashtami-wishes-8-new-languages.html,no,merged,/Users/prashantdhingra/e/a3_output/happy-new-year.org/output/content/festivals/janmashtami/footer.fragment
festivals/janmashtami/wishes-in-telugu.html,festivals/janmashtami/wishes-in-telugu.html,no,merged,/Users/prashantdhingra/e/a3_output/happy-new-year.org/output/content/festivals/janmashtami/footer.fragment
festivals/janmashtami/wishes-in-maithali.html,festivals/janmashtami/wishes-in-maithali.html,no,merged,/Users/prashantdhingra/e/a3_output/happy-new-year.org/output/content/festivals/janmashtami/footer.fragment
festivals/janmashtami/wishes-in-gujarati.html,festivals/janmashtami/wishes-in-gujarati.html,no,merged,/Users/prashantdhingra/e/a3_output/happy-new-year.org/output/content/festivals/janmashtami/footer.fragment
festivals/janmashtami/wishes-in-konkani.html,festivals/janmashtami/wishes-in-konkani.html,no,merged,/Users/prashantdhingra/e/a3_output/happy-new-year.org/output/content/festivals/janmashtami/footer.fragment
festivals/janmashtami/wishes-in-bengali.html,festivals/janmashtami/wishes-in-bengali.html,no,merged,/Users/prashantdhingra/e/a3_output/happy-new-year.org/output/content/festivals/janmashtami/footer.fragment
festivals/janmashtami/janmashtami-new-year-theme.html,festivals/janmashtami/index.html,yes,merged,/Users/prashantdhingra/e/a3_output/happy-new-year.org/output/content/festivals/janmashtami/footer.fragment
festivals/fathers-day/diy-fathers-day-cards-personal-touch.htm,festivals/fathers-day/diy-fathers-day-cards-personal-touch.html,yes,merged,/Users/prashantdhingra/e/a3_output/happy-new-year.org/output/content/festivals/fathers-day/footer.fragment
festivals/fathers-day/famous-fathers-in-history-lessons-legacies.htm,festivals/fathers-day/famous-fathers-in-history-lessons-legacies.html,yes,merged,/Users/prashantdhingra/e/a3_output/happy-new-year.org/output/content/festivals/fathers-day/footer.fragment
festivals/fathers-day/celebrating-father-figures-dads-in-our-lives.htm,festivals/fathers-day/celebrating-father-figures-dads-in-our-lives.html,yes,merged,/Users/prashantdhingra/e/a3_output/happy-new-year.org/output/content/festivals/fathers-day/footer.fragment
festivals/fathers-day/fathers-day-crafts-for-kids-easy-creative-projects.htm,festivals/fathers-day/fathers-day-crafts-for-kids-easy-creative-projects.html,yes,merged,/Users/prashantdhingra/e/a3_output/happy-new-year.org/output/content/festivals/fathers-day/footer.fragment
festivals/fathers-day/messages-in-italian.htm,festivals/fathers-day/messages-in-italian.html,yes,merged,/Users/prashantdhingra/e/a3_output/happy-new-year.org/output/content/festivals/fathers-day/footer.fragment
festivals/fathers-day/wishes-in-spanish.htm,festivals/fathers-day/wishes-in-spanish.html,yes,merged,/Users/prashantdhingra/e/a3_output/happy-new-year.org/output/content/festivals/fathers-day/footer.fragment
festivals/fathers-day/write-heartfelt-letter-dad-fathers-day.htm,festivals/fathers-day/write-heartfelt-letter-dad-fathers-day.html,yes,merged,/Users/prashantdhingra/e/a3_output/happy-new-year.org/output/content/festivals/fathers-day/footer.fragment
festivals/fathers-day/history-of-fathers-day-honoring-fatherhood.htm,festivals/fathers-day/history-of-fathers-day-honoring-fatherhood.html,yes,merged,/Users/prashantdhingra/e/a3_output/happy-new-year.org/output/content/festivals/fathers-day/footer.fragment
festivals/fathers-day/role-of-fathers-in-different-cultures-societies.htm,festivals/fathers-day/role-of-fathers-in-different-cultures-societies.html,yes,merged,/Users/prashantdhingra/e/a3_output/happy-new-year.org/output/content/festivals/fathers-day/footer.fragment
festivals/fathers-day/gift-fathers-day.htm,festivals/fathers-day/gift-fathers-day.html,yes,merged,/Users/prashantdhingra/e/a3_output/happy-new-year.org/output/content/festivals/fathers-day/footer.fragment
festivals/fathers-day/wishes-in-french.htm,festivals/fathers-day/wishes-in-french.html,yes,merged,/Users/prashantdhingra/e/a3_output/happy-new-year.org/output/content/festivals/fathers-day/footer.fragment
festivals/fathers-day/fathers-day-activities-unique.htm,festivals/fathers-day/fathers-day-activities-unique.html,yes,merged,/Users/prashantdhingra/e/a3_output/happy-new-year.org/output/content/festivals/fathers-day/footer.fragment
festivals/fathers-day/fathers-day-wishes.htm,festivals/fathers-day/wishes.html,yes,merged,/Users/prashantdhingra/e/a3_output/happy-new-year.org/output/content/festivals/fathers-day/footer.fragment
festivals/fathers-day/delicious-recipes-fathers-day-barbecue.htm,festivals/fathers-day/delicious-recipes-fathers-day-barbecue.html,yes,merged,/Users/prashantdhingra/e/a3_output/happy-new-year.org/output/content/festivals/fathers-day/footer.fragment
festivals/fathers-day/fathers-day.htm,festivals/fathers-day/index.html,yes,merged,/Users/prashantdhingra/e/a3_output/happy-new-year.org/output/content/festivals/fathers-day/footer.fragment
festivals/fathers-day/quotes-fathers-day.htm,festivals/fathers-day/quotes-fathers-day.html,yes,merged,/Users/prashantdhingra/e/a3_output/happy-new-year.org/output/content/festivals/fathers-day/footer.fragment
festivals/fathers-day/fathers-day-activities-whole-family-enjoy.htm,festivals/fathers-day/fathers-day-activities-whole-family-enjoy.html,yes,merged,/Users/prashantdhingra/e/a3_output/happy-new-year.org/output/content/festivals/fathers-day/footer.fragment
festivals/fathers-day/wishes-in-portuguese.htm,festivals/fathers-day/wishes-in-portuguese.html,yes,merged,/Users/prashantdhingra/e/a3_output/happy-new-year.org/output/content/festivals/fathers-day/footer.fragment
festivals/fathers-day/unique-fathers-day-gift-ideas-for-every-dad.htm,festivals/fathers-day/unique-fathers-day-gift-ideas-for-every-dad.html,yes,merged,/Users/prashantdhingra/e/a3_output/happy-new-year.org/output/content/festivals/fathers-day/footer.fragment
festivals/fathers-day/messages.htm,festivals/fathers-day/messages.html,yes,merged,/Users/prashantdhingra/e/a3_output/happy-new-year.org/output/content/festivals/fathers-day/footer.fragment
festivals/fathers-day/eco-friendly-fathers-day-sustainable-celebrations.htm,festivals/fathers-day/eco-friendly-fathers-day-sustainable-celebrations.html,yes,merged,/Users/prashantdhingra/e/a3_output/happy-new-year.org/output/content/festivals/fathers-day/footer.fragment
festivals/fathers-day/fathers-day-traditions-around-world-cultural-perspective.htm,festivals/fathers-day/fathers-day-traditions-around-world-cultural-perspective.html,yes,merged,/Users/prashantdhingra/e/a3_output/happy-new-year.org/output/content/festivals/fathers-day/footer.fragment
festivals/fathers-day/fathers-day-day.htm,festivals/fathers-day/when.html,yes,merged,/Users/prashantdhingra/e/a3_output/happy-new-year.org/output/content/festivals/fathers-day/footer.fragment
festivals/fathers-day/wishes-in-swedish.htm,festivals/fathers-day/wishes-in-swedish.html,yes,merged,/Users/prashantdhingra/e/a3_output/happy-new-year.org/output/content/festivals/fathers-day/footer.fragment
festivals/fathers-day/fathers-day-quotes-poems-love-appreciation.htm,festivals/fathers-day/fathers-day-quotes-poems-love-appreciation.html,yes,merged,/Users/prashantdhingra/e/a3_output/happy-new-year.org/output/content/festivals/fathers-day/footer.fragment
festivals/fathers-day/planning-perfect-fathers-day-outing-activities.htm,festivals/fathers-day/planning-perfect-fathers-day-outing-activities.html,yes,merged,/Users/prashantdhingra/e/a3_output/happy-new-year.org/output/content/festivals/fathers-day/footer.fragment
festivals/fathers-day/gift-website-to-fathers.htm,festivals/fathers-day/gift-website-to-fathers.html,yes,merged,/Users/prashantdhingra/e/a3_output/happy-new-year.org/output/content/festivals/fathers-day/footer.fragment
festivals/fathers-day/ai-to-build-website-kreatewebsites.htm,festivals/fathers-day/ai-to-build-website-kreatewebsites.html,yes,merged,/Users/prashantdhingra/e/a3_output/happy-new-year.org/output/content/festivals/fathers-day/footer.fragment
festivals/fathers-day/celebrate-fathers-day-budget-fun-affordable-ideas.htm,festivals/fathers-day/celebrate-fathers-day-budget-fun-affordable-ideas.html,yes,merged,/Users/prashantdhingra/e/a3_output/happy-new-year.org/output/content/festivals/fathers-day/footer.fragment
festivals/fathers-day/messages-in-hindi.htm,festivals/fathers-day/messages-in-hindi.html,yes,merged,/Users/prashantdhingra/e/a3_output/happy-new-year.org/output/content/festivals/fathers-day/footer.fragment
festivals/fathers-day/fathers-day-diy-gifts.htm,festivals/fathers-day/fathers-day-diy-gifts.html,yes,merged,/Users/prashantdhingra/e/a3_output/happy-new-year.org/output/content/festivals/fathers-day/footer.fragment
festivals/fathers-day/history.htm,festivals/fathers-day/history.html,yes,merged,/Users/prashantdhingra/e/a3_output/happy-new-year.org/output/content/festivals/fathers-day/footer.fragment
festivals/ram-navami/quotes-ram-navami.htm,festivals/ram-navami/quotes-ram-navami.html,yes,merged,/Users/prashantdhingra/e/a3_output/happy-new-year.org/output/content/festivals/ram-navami/footer.fragment
festivals/bak/quotes-eiddusshera.htm,festivals/bak/quotes-eiddusshera.html,yes,merged,/Users/prashantdhingra/e/a3_output/happy-new-year.org/output/content/festivals/bak/footer.fragment
festivals/navratri/navratri-wishes-in-indian-languages.html,festivals/navratri/navratri-wishes-in-indian-languages.html,no,merged,/Users/prashantdhingra/e/a3_output/happy-new-year.org/output/content/festivals/navratri/footer.fragment
festivals/navratri/chaitra-navratri-webpage.html,festivals/navratri/index.html,yes,merged,/Users/prashantdhingra/e/a3_output/happy-new-year.org/output/content/festivals/navratri/footer.fragment
festivals/makarSankranti/important-sankrantis.html,festivals/makarSankranti/important-sankranti-festival.html,yes,merged,/Users/prashantdhingra/e/a3_output/happy-new-year.org/output/content/festivals/makarSankranti/footer.fragment
festivals/makarSankranti/makarsankranti-information.htm,festivals/makarSankranti/default.html,yes,merged,/Users/prashantdhingra/e/a3_output/happy-new-year.org/output/content/festivals/makarSankranti/footer.fragment
festivals/makarSankranti/lohri.recreated (1).html,festivals/makarSankranti/lohri-main.html,yes,merged,/Users/prashantdhingra/e/a3_output/happy-new-year.org/output/content/festivals/makarSankranti/footer.fragment
festivals/makarSankranti/khichdi-purv.html,festivals/makarSankranti/khichdi-purv-makarsankranti.html,yes,merged,/Users/prashantdhingra/e/a3_output/happy-new-year.org/output/content/festivals/makarSankranti/footer.fragment
festivals/makarSankranti/makarsankranti-cards.html,festivals/makarSankranti/makarsankranti-ecards.html,yes,merged,/Users/prashantdhingra/e/a3_output/happy-new-year.org/output/content/festivals/makarSankranti/footer.fragment
festivals/makarSankranti/makarsankranti-wishes-in-gujrati.html,festivals/makarSankranti/makarsankranti-wishes-in-gujrati-language.html,yes,merged,/Users/prashantdhingra/e/a3_output/happy-new-year.org/output/content/festivals/makarSankranti/footer.fragment
festivals/makarSankranti/important-sankrantis-themed.html,festivals/makarSankranti/important-sankranti-theme-webpages.html,yes,merged,/Users/prashantdhingra/e/a3_output/happy-new-year.org/output/content/festivals/makarSankranti/footer.fragment
festivals/makarSankranti/makarsankranti-wishes-in-hindi.html,festivals/makarSankranti/makarsankranti-wishes-in-hindi-language.html,yes,merged,/Users/prashantdhingra/e/a3_output/happy-new-year.org/output/content/festivals/makarSankranti/footer.fragment
festivals/makarSankranti/makarsankranti-play-script.html,festivals/makarSankranti/makarsankranti-play-for-school.html,yes,merged,/Users/prashantdhingra/e/a3_output/happy-new-year.org/output/content/festivals/makarSankranti/footer.fragment
festivals/makarSankranti/sankranti-names.html,festivals/makarSankranti/sankranti-names.html,yes,merged,/Users/prashantdhingra/e/a3_output/happy-new-year.org/output/content/festivals/makarSankranti/footer.fragment
festivals/makarSankranti/cow-worship.html,festivals/makarSankranti/cow-worship-pongal.html,yes,merged,/Users/prashantdhingra/e/a3_output/happy-new-year.org/output/content/festivals/makarSankranti/footer.fragment
festivals/makarSankranti/magh-bihu.html,festivals/makarSankranti/magh-celebration.html,yes,merged,/Users/prashantdhingra/e/a3_output/happy-new-year.org/output/content/festivals/makarSankranti/footer.fragment
festivals/makarSankranti/what-is-uttarayaana.html,festivals/makarSankranti/what-is-uttarayaana-festival.html,yes,merged,/Users/prashantdhingra/e/a3_output/happy-new-year.org/output/content/festivals/makarSankranti/footer.fragment
festivals/makarSankranti/sankranti-start-of-spring.html,festivals/makarSankranti/sankranti-start-of-spring.html,yes,merged,/Users/prashantdhingra/e/a3_output/happy-new-year.org/output/content/festivals/makarSankranti/footer.fragment
festivals/makarSankranti/sankranti-and-winter-solstice-recreated.html,festivals/makarSankranti/sankranti-and-winter.html,yes,merged,/Users/prashantdhingra/e/a3_output/happy-new-year.org/output/content/festivals/makarSankranti/footer.fragment
festivals/makarSankranti/pongal-cards.html,festivals/makarSankranti/pongal-ecards.html,yes,merged,/Users/prashantdhingra/e/a3_output/happy-new-year.org/output/content/festivals/makarSankranti/footer.fragment
festivals/makarSankranti/makarsankranti-greeting-cards.html,festivals/makarSankranti/makarsankranti-digital-cards.html,yes,merged,/Users/prashantdhingra/e/a3_output/happy-new-year.org/output/content/festivals/makarSankranti/footer.fragment
festivals/makarSankranti/makarsankranti-essay.html,festivals/makarSankranti/makarsankranti-essay-for-kids.html,yes,merged,/Users/prashantdhingra/e/a3_output/happy-new-year.org/output/content/festivals/makarSankranti/footer.fragment
festivals/makarSankranti/coconut-ladoo.html,festivals/makarSankranti/coconut-ladoo-for-winter.html,yes,merged,/Users/prashantdhingra/e/a3_output/happy-new-year.org/output/content/festivals/makarSankranti/footer.fragment
festivals/makarSankranti/receipes.html,festivals/makarSankranti/receipes-for-sankranti.html,yes,merged,/Users/prashantdhingra/e/a3_output/happy-new-year.org/output/content/festivals/makarSankranti/footer.fragment
festivals/makarSankranti/index_recreated.html,festivals/makarSankranti/index.html,yes,merged,/Users/prashantdhingra/e/a3_output/happy-new-year.org/output/content/festivals/makarSankranti/footer.fragment
festivals/makarSankranti/makarsankranti-wishes-in-bengali.html,festivals/makarSankranti/makarsankranti-wishes-in-bengali-language.html,yes,merged,/Users/prashantdhingra/e/a3_output/happy-new-year.org/output/content/festivals/makarSankranti/footer.fragment
festivals/makarSankranti/farmers.html,festivals/makarSankranti/farmers-and-makarsankranti.html,yes,merged,/Users/prashantdhingra/e/a3_output/happy-new-year.org/output/content/festivals/makarSankranti/footer.fragment
festivals/makarSankranti/makarsankranti-wishes-in-urdu.html,festivals/makarSankranti/makarsankranti-wishes-in-urdu-language.html,yes,merged,/Users/prashantdhingra/e/a3_output/happy-new-year.org/output/content/festivals/makarSankranti/footer.fragment
festivals/makarSankranti/makarsankranti-wishes-in-rajasthani.html,festivals/makarSankranti/makarsankranti-wishes-in-rajasthani-language.html,yes,merged,/Users/prashantdhingra/e/a3_output/happy-new-year.org/output/content/festivals/makarSankranti/footer.fragment
festivals/makarSankranti/makarsankranti-wishes-marathai.html,festivals/makarSankranti/makarsankranti-wishes-marathai-language.html,yes,merged,/Users/prashantdhingra/e/a3_output/happy-new-year.org/output/content/festivals/makarSankranti/footer.fragment
festivals/makarSankranti/sankranti-tradition.html,festivals/makarSankranti/makarsankranti-tradition.html,yes,merged,/Users/prashantdhingra/e/a3_output/happy-new-year.org/output/content/festivals/makarSankranti/footer.fragment
festivals/makarSankranti/shani-surya-story.html,festivals/makarSankranti/shani-surya-khani.html,yes,merged,/Users/prashantdhingra/e/a3_output/happy-new-year.org/output/content/festivals/makarSankranti/footer.fragment
festivals/makarSankranti/3-days-sankranti-pongal-celebration.html,festivals/makarSankranti/3-days-sankranti-and-pongal.html,yes,merged,/Users/prashantdhingra/e/a3_output/happy-new-year.org/output/content/festivals/makarSankranti/footer.fragment
festivals/makarSankranti/kite-flying..html,festivals/makarSankranti/kite-flying-competition.html,yes,merged,/Users/prashantdhingra/e/a3_output/happy-new-year.org/output/content/festivals/makarSankranti/footer.fragment
festivals/makarSankranti/different-names-of-sankranti-recreated.html,festivals/makarSankranti/different-names-of-sankranti.html,yes,merged,/Users/prashantdhingra/e/a3_output/happy-new-year.org/output/content/festivals/makarSankranti/footer.fragment
festivals/makarSankranti/pedda-festival.html,festivals/makarSankranti/pedda.html,yes,merged,/Users/prashantdhingra/e/a3_output/happy-new-year.org/output/content/festivals/makarSankranti/footer.fragment
festivals/makarSankranti/makarsankranti-wishes-in-garhwali.html,festivals/makarSankranti/makarankranti-wishes-in-garhwali-language.html,yes,merged,/Users/prashantdhingra/e/a3_output/happy-new-year.org/output/content/festivals/makarSankranti/footer.fragment
festivals/makarSankranti/sankranti-vs-makarsankranti.html,festivals/makarSankranti/sankranti-vs-makarsankranti-meaning.html,yes,merged,/Users/prashantdhingra/e/a3_output/happy-new-year.org/output/content/festivals/makarSankranti/footer.fragment
festivals/makarSankranti/information.html,festivals/makarSankranti/summary.html,yes,merged,/Users/prashantdhingra/e/a3_output/happy-new-year.org/output/content/festivals/makarSankranti/footer.fragment
festivals/makarSankranti/til-gud-ke-ladoo.html,festivals/makarSankranti/til-gud-ke-ladoo-for-winter.html,yes,merged,/Users/prashantdhingra/e/a3_output/happy-new-year.org/output/content/festivals/makarSankranti/footer.fragment
festivals/makarSankranti/lohri.html,festivals/makarSankranti/lohri-jan-13.html,yes,merged,/Users/prashantdhingra/e/a3_output/happy-new-year.org/output/content/festivals/makarSankranti/footer.fragment
festivals/makarSankranti/information-makarsankranti-detailed.html,festivals/makarSankranti/detail.html,yes,merged,/Users/prashantdhingra/e/a3_output/happy-new-year.org/output/content/festivals/makarSankranti/footer.fragment
festivals/makarSankranti/ganee-ki-kheer.html,festivals/makarSankranti/ganee-ki-kheer-for-festivals.html,yes,merged,/Users/prashantdhingra/e/a3_output/happy-new-year.org/output/content/festivals/makarSankranti/footer.fragment
festivals/makarSankranti/pongal.html,festivals/makarSankranti/pongal-and-sankranti.html,yes,merged,/Users/prashantdhingra/e/a3_output/happy-new-year.org/output/content/festivals/makarSankranti/footer.fragment
festivals/makarSankranti/greeting-cards.htm,festivals/makarSankranti/wishes-and-cards.html,yes,merged,/Users/prashantdhingra/e/a3_output/happy-new-year.org/output/content/festivals/makarSankranti/footer.fragment
festivals/makarSankranti/makarsankranti-theme-3day-pongal.html,festivals/makarSankranti/makarsankranti-3day-pongal.html,yes,merged,/Users/prashantdhingra/e/a3_output/happy-new-year.org/output/content/festivals/makarSankranti/footer.fragment
festivals/makarSankranti/sankranti-cards.html,festivals/makarSankranti/sankranti-cards.html,yes,merged,/Users/prashantdhingra/e/a3_output/happy-new-year.org/output/content/festivals/makarSankranti/footer.fragment
festivals/makarSankranti/makarsankranti-wishes-in-marwari-language.html,festivals/makarSankranti/makarsankranti-wishes-in-marwari-language.html,yes,merged,/Users/prashantdhingra/e/a3_output/happy-new-year.org/output/content/festivals/makarSankranti/footer.fragment
festivals/makarSankranti/hindu-festivals-calendar-2026.html,festivals/makarSankranti/hindu-festivals-calendar-for-year-2026.html,yes,merged,/Users/prashantdhingra/e/a3_output/happy-new-year.org/output/content/festivals/makarSankranti/footer.fragment
festivals/makarSankranti/maghe-sankranti-recreated.html,festivals/makarSankranti/maghe-sankranti.html,yes,merged,/Users/prashantdhingra/e/a3_output/happy-new-year.org/output/content/festivals/makarSankranti/footer.fragment
festivals/makarSankranti/makarsankranti-blog.html,festivals/makarSankranti/makarsankranti-blog-webpage.html,yes,merged,/Users/prashantdhingra/e/a3_output/happy-new-year.org/output/content/festivals/makarSankranti/footer.fragment
festivals/makarSankranti/til-sweets.html,festivals/makarSankranti/til-sweets-for-sankranti.html,yes,merged,/Users/prashantdhingra/e/a3_output/happy-new-year.org/output/content/festivals/makarSankranti/footer.fragment
festivals/makarSankranti/sankranti-quotes.html,festivals/makarSankranti/sankranti-quotes.html,yes,merged,/Users/prashantdhingra/e/a3_output/happy-new-year.org/output/content/festivals/makarSankranti/footer.fragment
festivals/makarSankranti/makar-sankranti-blog-photos.html,festivals/makarSankranti/makar-sankranti-photos.html,yes,merged,/Users/prashantdhingra/e/a3_output/happy-new-year.org/output/content/festivals/makarSankranti/footer.fragment
festivals/makarSankranti/lohri-cards.html,festivals/makarSankranti/lohri-ecards.html,yes,merged,/Users/prashantdhingra/e/a3_output/happy-new-year.org/output/content/festivals/makarSankranti/footer.fragment
festivals/makarSankranti/makarsankranti-wishes-in-sanskrit-language.html,festivals/makarSankranti/makarsankranti-wishes-in-sanskrit-language.html,yes,merged,/Users/prashantdhingra/e/a3_output/happy-new-year.org/output/content/festivals/makarSankranti/footer.fragment
festivals/makarSankranti/sankranti-stories/sankranti-stories.htm,festivals/makarSankranti/sankranti-stories/index.html,yes,merged,/Users/prashantdhingra/e/a3_output/happy-new-year.org/output/content/festivals/makarSankranti/sankranti-stories/footer.fragment
festivals/holi/holi-in-bollywood-iconic-songs-scenes.htm,festivals/holi/holi-in-bollywood-iconic-songs-scenes.html,yes,merged,/Users/prashantdhingra/e/a3_output/happy-new-year.org/output/content/festivals/holi/footer.fragment
festivals/holi/diy-natural-colors-holi-safe-chemical-free.htm,festivals/holi/diy-natural-colors-holi-safe-chemical-free.html,yes,merged,/Users/prashantdhingra/e/a3_output/happy-new-year.org/output/content/festivals/holi/footer.fragment
festivals/holi/holi-quotes-wishes-sharing-joy-festival.htm,festivals/holi/holi-quotes-wishes-sharing-joy-festival.html,yes,merged,/Users/prashantdhingra/e/a3_output/happy-new-year.org/output/content/festivals/holi/footer.fragment
festivals/holi/holi-fashion-outfit-ideas-stylish-celebration.htm,festivals/holi/holi-fashion-outfit-ideas-stylish-celebration.html,yes,merged,/Users/prashantdhingra/e/a3_output/happy-new-year.org/output/content/festivals/holi/footer.fragment
festivals/holi/role-of-music-dance-holi-celebrations.htm,festivals/holi/role-of-music-dance-holi-celebrations.html,yes,merged,/Users/prashantdhingra/e/a3_output/happy-new-year.org/output/content/festivals/holi/footer.fragment
festivals/holi/gallery.htm,festivals/holi/gallery.htm,no,merged,/Users/prashantdhingra/e/a3_output/happy-new-year.org/output/content/festivals/holi/footer.fragment
festivals/holi/preparing-for-holi-skincare-haircare-tips.htm,festivals/holi/preparing-for-holi-skincare-haircare-tips.html,yes,merged,/Users/prashantdhingra/e/a3_output/happy-new-year.org/output/content/festivals/holi/footer.fragment
festivals/holi/organize-holi-party-tips-colorful-celebration.htm,festivals/holi/organize-holi-party-tips-colorful-celebration.html,yes,merged,/Users/prashantdhingra/e/a3_output/happy-new-year.org/output/content/festivals/holi/footer.fragment
festivals/holi/legend-of-holika-dahan-story-rituals.htm,festivals/holi/legend-of-holika-dahan-story-rituals.html,yes,merged,/Users/prashantdhingra/e/a3_output/happy-new-year.org/output/content/festivals/holi/footer.fragment
festivals/holi/delicious-holi-recipes-traditional-sweets-snacks.htm,festivals/holi/delicious-holi-recipes-traditional-sweets-snacks.html,yes,merged,/Users/prashantdhingra/e/a3_output/happy-new-year.org/output/content/festivals/holi/footer.fragment
festivals/holi/history-significance-holi-festival-of-colors.htm,festivals/holi/history-significance-holi-festival-of-colors.html,yes,merged,/Users/prashantdhingra/e/a3_output/happy-new-year.org/output/content/festivals/holi/footer.fragment
festivals/holi/quotes-holi.htm,festivals/holi/quotes-holi.html,yes,merged,/Users/prashantdhingra/e/a3_output/happy-new-year.org/output/content/festivals/holi/footer.fragment
festivals/holi/holi-around-the-world-global-celebrations.htm,festivals/holi/holi-around-the-world-global-celebrations.html,yes,merged,/Users/prashantdhingra/e/a3_output/happy-new-year.org/output/content/festivals/holi/footer.fragment
festivals/holi/holi-celebrations-india-regional-traditions-customs.htm,festivals/holi/holi-celebrations-india-regional-traditions-customs.html,yes,merged,/Users/prashantdhingra/e/a3_output/happy-new-year.org/output/content/festivals/holi/footer.fragment
festivals/holi/eco-friendly-holi-sustainable-practices.htm,festivals/holi/eco-friendly-holi-sustainable-practices.html,yes,merged,/Users/prashantdhingra/e/a3_output/happy-new-year.org/output/content/festivals/holi/footer.fragment
festivals/holi/spiritual-significance-holi-good-over-evil.htm,festivals/holi/spiritual-significance-holi-good-over-evil.html,yes,merged,/Users/prashantdhingra/e/a3_output/happy-new-year.org/output/content/festivals/holi/footer.fragment
festivals/holi/holi-crafts-kids-fun-creative-activities.htm,festivals/holi/holi-crafts-kids-fun-creative-activities.html,yes,merged,/Users/prashantdhingra/e/a3_output/happy-new-year.org/output/content/festivals/holi/footer.fragment
festivals/buddha-purnima/budh-purnima.html,festivals/buddha-purnima/budh-purnima.html,yes,merged,/Users/prashantdhingra/e/a3_output/happy-new-year.org/output/content/festivals/buddha-purnima/footer.fragment
festivals/buddha-purnima/budh-purnima-main-themed.html,festivals/buddha-purnima/index.html,yes,merged,/Users/prashantdhingra/e/a3_output/happy-new-year.org/output/content/festivals/buddha-purnima/footer.fragment
festivals/sankranti/quotes-sankranti.htm,festivals/sankranti/quotes-sankranti.html,yes,merged,/Users/prashantdhingra/e/a3_output/happy-new-year.org/output/content/festivals/sankranti/footer.fragment
festivals/sankranti/sankranti-photos-source.htm,festivals/sankranti/index.html,yes,merged,/Users/prashantdhingra/e/a3_output/happy-new-year.org/output/content/festivals/sankranti/footer.fragment
festivals/sankranti/rajasthan-villages.htm,festivals/sankranti/rajasthan-villages.html,yes,merged,/Users/prashantdhingra/e/a3_output/happy-new-year.org/output/content/festivals/sankranti/footer.fragment
festivals/japanese-new-year/index.html,festivals/japanese-new-year/index.html,yes,merged,/Users/prashantdhingra/e/a3_output/happy-new-year.org/output/content/festivals/japanese-new-year/footer.fragment
festivals/christmas/christmas-guide.html,festivals/christmas/christmas-guide.html,yes,merged,/Users/prashantdhingra/e/a3_output/happy-new-year.org/output/content/festivals/christmas/footer.fragment
festivals/christmas/Christmas-Gift-Ideas-Business.htm,festivals/christmas/christmas-gift-ideas-business.html,yes,merged,/Users/prashantdhingra/e/a3_output/happy-new-year.org/output/content/festivals/christmas/footer.fragment
festivals/christmas/christmas-general-info.html,festivals/christmas/christmas-general-info.html,yes,merged,/Users/prashantdhingra/e/a3_output/happy-new-year.org/output/content/festivals/christmas/footer.fragment
festivals/christmas/Gifts.htm,festivals/christmas/gifts.html,yes,merged,/Users/prashantdhingra/e/a3_output/happy-new-year.org/output/content/festivals/christmas/footer.fragment
festivals/christmas/Corporate-Christmas-Gift-Ideas.htm,festivals/christmas/corporate-christmas-gift-ideas.html,yes,merged,/Users/prashantdhingra/e/a3_output/happy-new-year.org/output/content/festivals/christmas/footer.fragment
festivals/christmas/christmas-dinner-info.html,festivals/christmas/christmas-dinner-info.html,yes,merged,/Users/prashantdhingra/e/a3_output/happy-new-year.org/output/content/festivals/christmas/footer.fragment
festivals/christmas/pictures.htm,festivals/christmas/pictures.htm,no,merged,/Users/prashantdhingra/e/a3_output/happy-new-year.org/output/content/festivals/christmas/footer.fragment
festivals/christmas/Ideas-for-Celebration.htm,festivals/christmas/ideas-for-celebration.html,yes,merged,/Users/prashantdhingra/e/a3_output/happy-new-year.org/output/content/festivals/christmas/footer.fragment
festivals/christmas/Ideal-Corporate-Christmas-Gift.htm,festivals/christmas/ideal-corporate-christmas-gift.html,yes,merged,/Users/prashantdhingra/e/a3_output/happy-new-year.org/output/content/festivals/christmas/footer.fragment
festivals/christmas/Boxing-day-sale.htm,festivals/christmas/boxing-day-sale.html,yes,merged,/Users/prashantdhingra/e/a3_output/happy-new-year.org/output/content/festivals/christmas/footer.fragment
festivals/christmas/Jesus-story.htm,festivals/christmas/jesus-story.html,yes,merged,/Users/prashantdhingra/e/a3_output/happy-new-year.org/output/content/festivals/christmas/footer.fragment
festivals/christmas/tree.htm,festivals/christmas/tree.html,yes,merged,/Users/prashantdhingra/e/a3_output/happy-new-year.org/output/content/festivals/christmas/footer.fragment
festivals/christmas/christmas-dinner.html,festivals/christmas/christmas-dinner.html,yes,merged,/Users/prashantdhingra/e/a3_output/happy-new-year.org/output/content/festivals/christmas/footer.fragment
festivals/christmas/gift-christmas.htm,festivals/christmas/gift-christmas.html,yes,merged,/Users/prashantdhingra/e/a3_output/happy-new-year.org/output/content/festivals/christmas/footer.fragment
festivals/christmas/best-quotes.htm,festivals/christmas/best-quotes.html,yes,merged,/Users/prashantdhingra/e/a3_output/happy-new-year.org/output/content/festivals/christmas/footer.fragment
festivals/christmas/wishes-and-cards/gallery.htm,festivals/christmas/wishes-and-cards/gallery.htm,no,merged,/Users/prashantdhingra/e/a3_output/happy-new-year.org/output/content/festivals/christmas/wishes-and-cards/footer.fragment
festivals/christmas/wishes-and-cards/Christmas-1.htm,festivals/christmas/wishes-and-cards/101.html,yes,merged,/Users/prashantdhingra/e/a3_output/happy-new-year.org/output/content/festivals/christmas/wishes-and-cards/footer.fragment
festivals/christmas/christmas-stories/christmas-stories.htm,festivals/christmas/christmas-stories/index.html,yes,merged,/Users/prashantdhingra/e/a3_output/happy-new-year.org/output/content/festivals/christmas/christmas-stories/footer.fragment
festivals/maha-shivratri/quotes-maha-shivratri.htm,festivals/maha-shivratri/quotes-maha-shivratri.html,yes,merged,/Users/prashantdhingra/e/a3_output/happy-new-year.org/output/content/festivals/maha-shivratri/footer.fragment
festivals/diwali/Dhanteras-overview-1.htm,festivals/diwali/dhanteras-overview-1.html,yes,merged,/Users/prashantdhingra/e/a3_output/happy-new-year.org/output/content/festivals/diwali/footer.fragment
festivals/diwali/diwali-ganesha-card.html,festivals/diwali/diwali-ganesha-card.html,no,merged,/Users/prashantdhingra/e/a3_output/happy-new-year.org/output/content/festivals/diwali/footer.fragment
festivals/diwali/karwachauth-gift-ideas-for-her-4.htm,festivals/diwali/karwa-chauth-and-diwali-gift-ideas-for-women.html,yes,merged,/Users/prashantdhingra/e/a3_output/happy-new-year.org/output/content/festivals/diwali/footer.fragment
festivals/diwali/nine-days-of-navratri-4.htm,festivals/diwali/9-nights-of-celebration-at-navratri.html,yes,merged,/Users/prashantdhingra/e/a3_output/happy-new-year.org/output/content/festivals/diwali/footer.fragment
festivals/diwali/quotes-diwali.htm,festivals/diwali/quotes-diwali.html,yes,merged,/Users/prashantdhingra/e/a3_output/happy-new-year.org/output/content/festivals/diwali/footer.fragment
festivals/diwali/pictures.htm,festivals/diwali/pictures.html,yes,merged,/Users/prashantdhingra/e/a3_output/happy-new-year.org/output/content/festivals/diwali/footer.fragment
festivals/diwali/gift-diwali.htm,festivals/diwali/gift-diwali.html,yes,merged,/Users/prashantdhingra/e/a3_output/happy-new-year.org/output/content/festivals/diwali/footer.fragment
festivals/diwali/govardhan-puja/quotes-govardhan-puja.htm,festivals/diwali/govardhan-puja/index.html,yes,merged,/Users/prashantdhingra/e/a3_output/happy-new-year.org/output/content/festivals/diwali/govardhan-puja/footer.fragment
festivals/diwali/dhanteras/quotes-dhanteras.htm,festivals/diwali/dhanteras/quotes-dhanteras.html,yes,merged,/Users/prashantdhingra/e/a3_output/happy-new-year.org/output/content/festivals/diwali/dhanteras/footer.fragment
festivals/diwali/bhai-dooj/quotes-bhi-dooj.htm,festivals/diwali/bhai-dooj/quotes-bhi-dooj.html,yes,merged,/Users/prashantdhingra/e/a3_output/happy-new-year.org/output/content/festivals/diwali/bhai-dooj/footer.fragment
festivals/diwali/diwali-stories/diwali-stories.htm,festivals/diwali/diwali-stories/index.html,yes,merged,/Users/prashantdhingra/e/a3_output/happy-new-year.org/output/content/festivals/diwali/diwali-stories/footer.fragment
festivals/jewish-new-year/index.html,festivals/jewish-new-year/index.html,yes,merged,/Users/prashantdhingra/e/a3_output/happy-new-year.org/output/content/festivals/jewish-new-year/footer.fragment
festivals/onam/quotes-onam.htm,festivals/onam/quotes-onam.html,yes,merged,/Users/prashantdhingra/e/a3_output/happy-new-year.org/output/content/festivals/onam/footer.fragment
festivals/Tulips festivals/blue.htm,festivals/Tulips festivals/blue-tulips.html,yes,merged,/Users/prashantdhingra/e/a3_output/happy-new-year.org/output/content/festivals/Tulips festivals/footer.fragment
festivals/Tulips festivals/pink.htm,festivals/Tulips festivals/pink-tulips.html,yes,merged,/Users/prashantdhingra/e/a3_output/happy-new-year.org/output/content/festivals/Tulips festivals/footer.fragment
festivals/Tulips festivals/yellow.htm,festivals/Tulips festivals/yellow-tulips.html,yes,merged,/Users/prashantdhingra/e/a3_output/happy-new-year.org/output/content/festivals/Tulips festivals/footer.fragment
festivals/Tulips festivals/purple.htm,festivals/Tulips festivals/purple-tulips.html,yes,merged,/Users/prashantdhingra/e/a3_output/happy-new-year.org/output/content/festivals/Tulips festivals/footer.fragment
festivals/Tulips festivals/red.htm,festivals/Tulips festivals/red-tulips.html,yes,merged,/Users/prashantdhingra/e/a3_output/happy-new-year.org/output/content/festivals/Tulips festivals/footer.fragment
festivals/Tulips festivals/white.htm,festivals/Tulips festivals/index.html,yes,merged,/Users/prashantdhingra/e/a3_output/happy-new-year.org/output/content/festivals/Tulips festivals/footer.fragment
festivals/thanksgiving/dinner.htm,festivals/thanksgiving/dinner.html,yes,merged,/Users/prashantdhingra/e/a3_output/happy-new-year.org/output/content/festivals/thanksgiving/footer.fragment
festivals/thanksgiving/thanks-giving-wishes-in-different-languages-images.html,festivals/thanksgiving/thanks-giving-wishes-in-different-languages-images.html,yes,merged,/Users/prashantdhingra/e/a3_output/happy-new-year.org/output/content/festivals/thanksgiving/footer.fragment
festivals/thanksgiving/thanks-giving-wishes-in-different-languages-images.htm,festivals/thanksgiving/thanks-giving-wishes-in-different-languages-images-2.html,yes,"collision, renamed to thanks-giving-wishes-in-different-languages-images-2.html",/Users/prashantdhingra/e/a3_output/happy-new-year.org/output/content/festivals/thanksgiving/footer.fragment
festivals/thanksgiving/fruit platter.htm,festivals/thanksgiving/fruit platter.htm,no,merged,/Users/prashantdhingra/e/a3_output/happy-new-year.org/output/content/festivals/thanksgiving/footer.fragment
festivals/thanksgiving/sushi-platter.htm,festivals/thanksgiving/sushi-platter.htm,no,merged,/Users/prashantdhingra/e/a3_output/happy-new-year.org/output/content/festivals/thanksgiving/footer.fragment
festivals/thanksgiving/index.html,festivals/thanksgiving/index.html,yes,merged,/Users/prashantdhingra/e/a3_output/happy-new-year.org/output/content/festivals/thanksgiving/footer.fragment
festivals/thanksgiving/warm-thanks-giving-wishes.html,festivals/thanksgiving/warm-thanks-giving-wishes.html,yes,merged,/Users/prashantdhingra/e/a3_output/happy-new-year.org/output/content/festivals/thanksgiving/footer.fragment
festivals/thanksgiving/budget-friendly-thanksgiving.htm,festivals/thanksgiving/budget-friendly-thanksgiving.html,yes,merged,/Users/prashantdhingra/e/a3_output/happy-new-year.org/output/content/festivals/thanksgiving/footer.fragment
festivals/thanksgiving/Quesdilla-Fiesta.htm,festivals/thanksgiving/Quesdilla-Fiesta.htm,no,merged,/Users/prashantdhingra/e/a3_output/happy-new-year.org/output/content/festivals/thanksgiving/footer.fragment
festivals/thanksgiving/Thanksgiving-dinner.htm,festivals/thanksgiving/Thanksgiving-dinner.htm,no,merged,/Users/prashantdhingra/e/a3_output/happy-new-year.org/output/content/festivals/thanksgiving/footer.fragment
festivals/thanksgiving/send-thanks-giving-card-by-email.html,festivals/thanksgiving/send-thanks-giving-card-by-email.html,yes,merged,/Users/prashantdhingra/e/a3_output/happy-new-year.org/output/content/festivals/thanksgiving/footer.fragment
festivals/thanksgiving/special-cookies-platter.htm,festivals/thanksgiving/special-cookies-platter.htm,no,merged,/Users/prashantdhingra/e/a3_output/happy-new-year.org/output/content/festivals/thanksgiving/footer.fragment
festivals/thanksgiving/where-to-buy-thanks-giving-dinner-online.htm,festivals/thanksgiving/sites-that-sell-thanks-giving-food.html,yes,merged,/Users/prashantdhingra/e/a3_output/happy-new-year.org/output/content/festivals/thanksgiving/footer.fragment
festivals/thanksgiving/cookies.htm,festivals/thanksgiving/cookies.htm,no,merged,/Users/prashantdhingra/e/a3_output/happy-new-year.org/output/content/festivals/thanksgiving/footer.fragment
festivals/thanksgiving/full-dinner.htm,festivals/thanksgiving/full-dinner.htm,no,merged,/Users/prashantdhingra/e/a3_output/happy-new-year.org/output/content/festivals/thanksgiving/footer.fragment
festivals/thanksgiving/CheesePlatter.htm,festivals/thanksgiving/CheesePlatter.htm,no,merged,/Users/prashantdhingra/e/a3_output/happy-new-year.org/output/content/festivals/thanksgiving/footer.fragment
festivals/thanksgiving/thai-thanks-giving.htm,festivals/thanksgiving/thai-thanks-giving.html,yes,merged,/Users/prashantdhingra/e/a3_output/happy-new-year.org/output/content/festivals/thanksgiving/footer.fragment
festivals/thanksgiving/pastries.htm,festivals/thanksgiving/pastries.htm,no,merged,/Users/prashantdhingra/e/a3_output/happy-new-year.org/output/content/festivals/thanksgiving/footer.fragment
festivals/thanksgiving/send-thanks-giving-card-by-email.htm,festivals/thanksgiving/send-thanks-giving-card-by-email-2.html,yes,"collision, renamed to send-thanks-giving-card-by-email-2.html",/Users/prashantdhingra/e/a3_output/happy-new-year.org/output/content/festivals/thanksgiving/footer.fragment
festivals/thanksgiving/smoked-salmon-platter.htm,festivals/thanksgiving/smoked-salmon-platter.htm,no,merged,/Users/prashantdhingra/e/a3_output/happy-new-year.org/output/content/festivals/thanksgiving/footer.fragment
festivals/thanksgiving/ThanksGiving-4.htm,festivals/thanksgiving/messages-for-thanksgiving.html,yes,merged,/Users/prashantdhingra/e/a3_output/happy-new-year.org/output/content/festivals/thanksgiving/footer.fragment
festivals/thanksgiving/gift-thanksgiving-day.htm,festivals/thanksgiving/gift-thanksgiving-day.html,yes,merged,/Users/prashantdhingra/e/a3_output/happy-new-year.org/output/content/festivals/thanksgiving/footer.fragment
festivals/thanksgiving/Hamm-dinner.htm,festivals/thanksgiving/Hamm-dinner.htm,no,merged,/Users/prashantdhingra/e/a3_output/happy-new-year.org/output/content/festivals/thanksgiving/footer.fragment
festivals/thanksgiving/thanks-giving-wishes-in-indian-languages.html,festivals/thanksgiving/thanks-giving-wishes-in-indian-languages.html,yes,merged,/Users/prashantdhingra/e/a3_output/happy-new-year.org/output/content/festivals/thanksgiving/footer.fragment
festivals/thanksgiving/thanksgiving-tradition-around-the-world.htm,festivals/thanksgiving/thanksgiving-tradition-around-the-world.html,yes,merged,/Users/prashantdhingra/e/a3_output/happy-new-year.org/output/content/festivals/thanksgiving/footer.fragment
festivals/thanksgiving/quotes-thanksgiving-day.htm,festivals/thanksgiving/quotes-thanksgiving-day.html,yes,merged,/Users/prashantdhingra/e/a3_output/happy-new-year.org/output/content/festivals/thanksgiving/footer.fragment
festivals/thanksgiving/thanks-giving-guide.html,festivals/thanksgiving/thanks-giving-guide.html,yes,merged,/Users/prashantdhingra/e/a3_output/happy-new-year.org/output/content/festivals/thanksgiving/footer.fragment
festivals/thanksgiving/mental-and-physical-well-being-at-thanksgiving.htm,festivals/thanksgiving/mental-and-physical-well-being-at-thanksgiving.html,yes,merged,/Users/prashantdhingra/e/a3_output/happy-new-year.org/output/content/festivals/thanksgiving/footer.fragment
festivals/thanksgiving/Thanksgiving-family-meal.htm,festivals/thanksgiving/Thanksgiving-family-meal.htm,no,merged,/Users/prashantdhingra/e/a3_output/happy-new-year.org/output/content/festivals/thanksgiving/footer.fragment
festivals/thanksgiving/pictures.htm,festivals/thanksgiving/pictures.htm,no,merged,/Users/prashantdhingra/e/a3_output/happy-new-year.org/output/content/festivals/thanksgiving/footer.fragment
festivals/thanksgiving/japanese-style-thanks-giving.htm,festivals/thanksgiving/japanese-style-thanks-giving.html,yes,merged,/Users/prashantdhingra/e/a3_output/happy-new-year.org/output/content/festivals/thanksgiving/footer.fragment
festivals/thanksgiving/thanks-giving-history.html,festivals/thanksgiving/thanks-giving-history.html,yes,merged,/Users/prashantdhingra/e/a3_output/happy-new-year.org/output/content/festivals/thanksgiving/footer.fragment
festivals/thanksgiving/how-to-host-perfect-thanks-giving.htm,festivals/thanksgiving/how-to-host-perfect-thanks-giving.html,yes,merged,/Users/prashantdhingra/e/a3_output/happy-new-year.org/output/content/festivals/thanksgiving/footer.fragment
festivals/thanksgiving/sandwich-platter.htm,festivals/thanksgiving/sandwich-platter.htm,no,merged,/Users/prashantdhingra/e/a3_output/happy-new-year.org/output/content/festivals/thanksgiving/footer.fragment
festivals/thanksgiving/small-gathering-thanks-giving.htm,festivals/thanksgiving/small-gathering-thanks-giving.html,yes,merged,/Users/prashantdhingra/e/a3_output/happy-new-year.org/output/content/festivals/thanksgiving/footer.fragment
festivals/thanksgiving/roasted chicken wings2.htm,festivals/thanksgiving/roasted chicken wings2.htm,no,merged,/Users/prashantdhingra/e/a3_output/happy-new-year.org/output/content/festivals/thanksgiving/footer.fragment
festivals/thanksgiving/Thanks-Giving-Dinner.htm,festivals/thanksgiving/Thanks-Giving-Dinner.htm,no,merged,/Users/prashantdhingra/e/a3_output/happy-new-year.org/output/content/festivals/thanksgiving/footer.fragment
festivals/thanksgiving/gen.htm,festivals/thanksgiving/gen.htm,no,merged,/Users/prashantdhingra/e/a3_output/happy-new-year.org/output/content/festivals/thanksgiving/footer.fragment
festivals/thanksgiving/Ham-dinner.htm,festivals/thanksgiving/Ham-dinner.htm,no,merged,/Users/prashantdhingra/e/a3_output/happy-new-year.org/output/content/festivals/thanksgiving/footer.fragment
festivals/thanksgiving/wishes-and-dinner.htm,festivals/thanksgiving/wishes-and-dinner.html,yes,merged,/Users/prashantdhingra/e/a3_output/happy-new-year.org/output/content/festivals/thanksgiving/footer.fragment
festivals/thanksgiving/thanks-giving-wishes-in-indian-languages.htm,festivals/thanksgiving/thanks-giving-wishes-in-indian-languages-2.html,yes,"collision, renamed to thanks-giving-wishes-in-indian-languages-2.html",/Users/prashantdhingra/e/a3_output/happy-new-year.org/output/content/festivals/thanksgiving/footer.fragment
festivals/thanksgiving/thanks-giving-wishes-in-different-languages.html,festivals/thanksgiving/thanks-giving-wishes-in-different-languages.html,yes,merged,/Users/prashantdhingra/e/a3_output/happy-new-year.org/output/content/festivals/thanksgiving/footer.fragment
festivals/thanksgiving/kabab.htm,festivals/thanksgiving/kabab.htm,no,merged,/Users/prashantdhingra/e/a3_output/happy-new-year.org/output/content/festivals/thanksgiving/footer.fragment
festivals/thanksgiving/table-settings-for-thanks-giving.htm,festivals/thanksgiving/table-settings-for-thanks-giving.html,yes,merged,/Users/prashantdhingra/e/a3_output/happy-new-year.org/output/content/festivals/thanksgiving/footer.fragment
festivals/thanksgiving/thanksgiving-alone-ideas.htm,festivals/thanksgiving/thanksgiving-alone-ideas.html,yes,merged,/Users/prashantdhingra/e/a3_output/happy-new-year.org/output/content/festivals/thanksgiving/footer.fragment
festivals/thanksgiving/where-to-buy-Thanksgiving-dinner.htm,festivals/thanksgiving/best-stores-to-buy-thanks-giving-meal.html,yes,merged,/Users/prashantdhingra/e/a3_output/happy-new-year.org/output/content/festivals/thanksgiving/footer.fragment
festivals/thanksgiving/tips-for-thanks-giving-travel.htm,festivals/thanksgiving/tips-for-thanks-giving-travel.html,yes,merged,/Users/prashantdhingra/e/a3_output/happy-new-year.org/output/content/festivals/thanksgiving/footer.fragment
festivals/thanksgiving/blessings.html,festivals/thanksgiving/blessings.html,yes,merged,/Users/prashantdhingra/e/a3_output/happy-new-year.org/output/content/festivals/thanksgiving/footer.fragment
festivals/thanksgiving/thanksgiving-index-happy-new-year.html,festivals/thanksgiving/thanksgiving-index-happy-new-year.html,yes,merged,/Users/prashantdhingra/e/a3_output/happy-new-year.org/output/content/festivals/thanksgiving/footer.fragment
festivals/thanksgiving/send-thanks-giving-card.html,festivals/thanksgiving/send-thanks-giving-card.html,yes,merged,/Users/prashantdhingra/e/a3_output/happy-new-year.org/output/content/festivals/thanksgiving/footer.fragment
festivals/thanksgiving/special-diet-dinner.htm,festivals/thanksgiving/special-diet-dinner.html,yes,merged,/Users/prashantdhingra/e/a3_output/happy-new-year.org/output/content/festivals/thanksgiving/footer.fragment
festivals/thanksgiving/thanks-giving-wishes-around-the-world.html,festivals/thanksgiving/thanks-giving-wishes-around-the-world.html,yes,merged,/Users/prashantdhingra/e/a3_output/happy-new-year.org/output/content/festivals/thanksgiving/footer.fragment
festivals/thanksgiving/thanksgiving-leftovers-receipes.htm,festivals/thanksgiving/thanksgiving-leftovers-receipes.html,yes,merged,/Users/prashantdhingra/e/a3_output/happy-new-year.org/output/content/festivals/thanksgiving/footer.fragment
festivals/thanksgiving/greetings/thanks-giving-greetings.htm,festivals/thanksgiving/greetings/index.html,yes,merged,/Users/prashantdhingra/e/a3_output/happy-new-year.org/output/content/festivals/thanksgiving/greetings/footer.fragment
festivals/thanksgiving/wishes-and-cards/thanksgiving-16.htm,festivals/thanksgiving/wishes-and-cards/thanksgiving-16.htm,no,merged,/Users/prashantdhingra/e/a3_output/happy-new-year.org/output/content/festivals/thanksgiving/wishes-and-cards/footer.fragment
festivals/thanksgiving/wishes-and-cards/thanksgiving-17.htm,festivals/thanksgiving/wishes-and-cards/thanksgiving-17.htm,no,merged,/Users/prashantdhingra/e/a3_output/happy-new-year.org/output/content/festivals/thanksgiving/wishes-and-cards/footer.fragment
festivals/thanksgiving/wishes-and-cards/thanksgiving-15.htm,festivals/thanksgiving/wishes-and-cards/thanksgiving-15.htm,no,merged,/Users/prashantdhingra/e/a3_output/happy-new-year.org/output/content/festivals/thanksgiving/wishes-and-cards/footer.fragment
festivals/thanksgiving/wishes-and-cards/Turkey-playing-piano.htm,festivals/thanksgiving/wishes-and-cards/Turkey-playing-piano.htm,no,merged,/Users/prashantdhingra/e/a3_output/happy-new-year.org/output/content/festivals/thanksgiving/wishes-and-cards/footer.fragment
festivals/thanksgiving/wishes-and-cards/fruit platter.htm,festivals/thanksgiving/wishes-and-cards/fruit platter.htm,no,merged,/Users/prashantdhingra/e/a3_output/happy-new-year.org/output/content/festivals/thanksgiving/wishes-and-cards/footer.fragment
festivals/thanksgiving/wishes-and-cards/thanksgiving-14.htm,festivals/thanksgiving/wishes-and-cards/thanksgiving-14.htm,no,merged,/Users/prashantdhingra/e/a3_output/happy-new-year.org/output/content/festivals/thanksgiving/wishes-and-cards/footer.fragment
festivals/thanksgiving/wishes-and-cards/thanksgiving-28.htm,festivals/thanksgiving/wishes-and-cards/thanksgiving-28.htm,no,merged,/Users/prashantdhingra/e/a3_output/happy-new-year.org/output/content/festivals/thanksgiving/wishes-and-cards/footer.fragment
festivals/thanksgiving/wishes-and-cards/sushi-platter.htm,festivals/thanksgiving/wishes-and-cards/sushi-platter.htm,no,merged,/Users/prashantdhingra/e/a3_output/happy-new-year.org/output/content/festivals/thanksgiving/wishes-and-cards/footer.fragment
festivals/thanksgiving/wishes-and-cards/thanksgiving-13.htm,festivals/thanksgiving/wishes-and-cards/thanksgiving-13.htm,no,merged,/Users/prashantdhingra/e/a3_output/happy-new-year.org/output/content/festivals/thanksgiving/wishes-and-cards/footer.fragment
festivals/thanksgiving/wishes-and-cards/Quesdilla-Fiesta.htm,festivals/thanksgiving/wishes-and-cards/Quesdilla-Fiesta.htm,no,merged,/Users/prashantdhingra/e/a3_output/happy-new-year.org/output/content/festivals/thanksgiving/wishes-and-cards/footer.fragment
festivals/thanksgiving/wishes-and-cards/Turkey.htm,festivals/thanksgiving/wishes-and-cards/Turkey.htm,no,merged,/Users/prashantdhingra/e/a3_output/happy-new-year.org/output/content/festivals/thanksgiving/wishes-and-cards/footer.fragment
festivals/thanksgiving/wishes-and-cards/Thanksgiving-dinner.htm,festivals/thanksgiving/wishes-and-cards/Thanksgiving-dinner.htm,no,merged,/Users/prashantdhingra/e/a3_output/happy-new-year.org/output/content/festivals/thanksgiving/wishes-and-cards/footer.fragment
festivals/thanksgiving/wishes-and-cards/thanksgiving-12.htm,festivals/thanksgiving/wishes-and-cards/thanksgiving-12.htm,no,merged,/Users/prashantdhingra/e/a3_output/happy-new-year.org/output/content/festivals/thanksgiving/wishes-and-cards/footer.fragment
festivals/thanksgiving/wishes-and-cards/FallSeason.htm,festivals/thanksgiving/wishes-and-cards/FallSeason.htm,no,merged,/Users/prashantdhingra/e/a3_output/happy-new-year.org/output/content/festivals/thanksgiving/wishes-and-cards/footer.fragment
festivals/thanksgiving/wishes-and-cards/special-cookies-platter.htm,festivals/thanksgiving/wishes-and-cards/special-cookies-platter.htm,no,merged,/Users/prashantdhingra/e/a3_output/happy-new-year.org/output/content/festivals/thanksgiving/wishes-and-cards/footer.fragment
festivals/thanksgiving/wishes-and-cards/Flowers.htm,festivals/thanksgiving/wishes-and-cards/Flowers.htm,no,merged,/Users/prashantdhingra/e/a3_output/happy-new-year.org/output/content/festivals/thanksgiving/wishes-and-cards/footer.fragment
festivals/thanksgiving/wishes-and-cards/Harvest.htm,festivals/thanksgiving/wishes-and-cards/Harvest.htm,no,merged,/Users/prashantdhingra/e/a3_output/happy-new-year.org/output/content/festivals/thanksgiving/wishes-and-cards/footer.fragment
festivals/thanksgiving/wishes-and-cards/thanksgiving-1.htm,festivals/thanksgiving/wishes-and-cards/thanksgiving-1.htm,no,merged,/Users/prashantdhingra/e/a3_output/happy-new-year.org/output/content/festivals/thanksgiving/wishes-and-cards/footer.fragment
festivals/thanksgiving/wishes-and-cards/cookies.htm,festivals/thanksgiving/wishes-and-cards/cookies.htm,no,merged,/Users/prashantdhingra/e/a3_output/happy-new-year.org/output/content/festivals/thanksgiving/wishes-and-cards/footer.fragment
festivals/thanksgiving/wishes-and-cards/gallery.htm,festivals/thanksgiving/wishes-and-cards/gallery.htm,no,merged,/Users/prashantdhingra/e/a3_output/happy-new-year.org/output/content/festivals/thanksgiving/wishes-and-cards/footer.fragment
festivals/thanksgiving/wishes-and-cards/full-dinner.htm,festivals/thanksgiving/wishes-and-cards/full-dinner.htm,no,merged,/Users/prashantdhingra/e/a3_output/happy-new-year.org/output/content/festivals/thanksgiving/wishes-and-cards/footer.fragment
festivals/thanksgiving/wishes-and-cards/ThanksGiving.htm,festivals/thanksgiving/wishes-and-cards/ThanksGiving.htm,no,merged,/Users/prashantdhingra/e/a3_output/happy-new-year.org/output/content/festivals/thanksgiving/wishes-and-cards/footer.fragment
festivals/thanksgiving/wishes-and-cards/CheesePlatter.htm,festivals/thanksgiving/wishes-and-cards/CheesePlatter.htm,no,merged,/Users/prashantdhingra/e/a3_output/happy-new-year.org/output/content/festivals/thanksgiving/wishes-and-cards/footer.fragment
festivals/thanksgiving/wishes-and-cards/tree-falls.htm,festivals/thanksgiving/wishes-and-cards/tree-falls.htm,no,merged,/Users/prashantdhingra/e/a3_output/happy-new-year.org/output/content/festivals/thanksgiving/wishes-and-cards/footer.fragment
festivals/thanksgiving/wishes-and-cards/pastries.htm,festivals/thanksgiving/wishes-and-cards/pastries.htm,no,merged,/Users/prashantdhingra/e/a3_output/happy-new-year.org/output/content/festivals/thanksgiving/wishes-and-cards/footer.fragment
festivals/thanksgiving/wishes-and-cards/smoked-salmon-platter.htm,festivals/thanksgiving/wishes-and-cards/smoked-salmon-platter.htm,no,merged,/Users/prashantdhingra/e/a3_output/happy-new-year.org/output/content/festivals/thanksgiving/wishes-and-cards/footer.fragment
festivals/thanksgiving/wishes-and-cards/Hamm-dinner.htm,festivals/thanksgiving/wishes-and-cards/Hamm-dinner.htm,no,merged,/Users/prashantdhingra/e/a3_output/happy-new-year.org/output/content/festivals/thanksgiving/wishes-and-cards/footer.fragment
festivals/thanksgiving/wishes-and-cards/thanksgiving-turkey-pimpkin.htm,festivals/thanksgiving/wishes-and-cards/thanksgiving-turkey-pimpkin.htm,no,merged,/Users/prashantdhingra/e/a3_output/happy-new-year.org/output/content/festivals/thanksgiving/wishes-and-cards/footer.fragment
festivals/thanksgiving/wishes-and-cards/woman-and-pumpkin-pie.htm,festivals/thanksgiving/wishes-and-cards/woman-and-pumpkin-pie.htm,no,merged,/Users/prashantdhingra/e/a3_output/happy-new-year.org/output/content/festivals/thanksgiving/wishes-and-cards/footer.fragment
festivals/thanksgiving/wishes-and-cards/turkey-dinner-2.htm,festivals/thanksgiving/wishes-and-cards/turkey-dinner-2.htm,no,merged,/Users/prashantdhingra/e/a3_output/happy-new-year.org/output/content/festivals/thanksgiving/wishes-and-cards/footer.fragment
festivals/thanksgiving/wishes-and-cards/Thanksgiving-family-meal.htm,festivals/thanksgiving/wishes-and-cards/Thanksgiving-family-meal.htm,no,merged,/Users/prashantdhingra/e/a3_output/happy-new-year.org/output/content/festivals/thanksgiving/wishes-and-cards/footer.fragment
festivals/thanksgiving/wishes-and-cards/Autumn.htm,festivals/thanksgiving/wishes-and-cards/Autumn.htm,no,merged,/Users/prashantdhingra/e/a3_output/happy-new-year.org/output/content/festivals/thanksgiving/wishes-and-cards/footer.fragment
festivals/thanksgiving/wishes-and-cards/Beautiful-Flowers.htm,festivals/thanksgiving/wishes-and-cards/Beautiful-Flowers.htm,no,merged,/Users/prashantdhingra/e/a3_output/happy-new-year.org/output/content/festivals/thanksgiving/wishes-and-cards/footer.fragment
festivals/thanksgiving/wishes-and-cards/Turkey-patchwork.htm,festivals/thanksgiving/wishes-and-cards/Turkey-patchwork.htm,no,merged,/Users/prashantdhingra/e/a3_output/happy-new-year.org/output/content/festivals/thanksgiving/wishes-and-cards/footer.fragment
festivals/thanksgiving/wishes-and-cards/sandwich-platter.htm,festivals/thanksgiving/wishes-and-cards/sandwich-platter.htm,no,merged,/Users/prashantdhingra/e/a3_output/happy-new-year.org/output/content/festivals/thanksgiving/wishes-and-cards/footer.fragment
festivals/thanksgiving/wishes-and-cards/roasted chicken wings2.htm,festivals/thanksgiving/wishes-and-cards/roasted chicken wings2.htm,no,merged,/Users/prashantdhingra/e/a3_output/happy-new-year.org/output/content/festivals/thanksgiving/wishes-and-cards/footer.fragment
festivals/thanksgiving/wishes-and-cards/Thanks-Giving-Dinner.htm,festivals/thanksgiving/wishes-and-cards/Thanks-Giving-Dinner.htm,no,merged,/Users/prashantdhingra/e/a3_output/happy-new-year.org/output/content/festivals/thanksgiving/wishes-and-cards/footer.fragment
festivals/thanksgiving/wishes-and-cards/gen.htm,festivals/thanksgiving/wishes-and-cards/gen.htm,no,merged,/Users/prashantdhingra/e/a3_output/happy-new-year.org/output/content/festivals/thanksgiving/wishes-and-cards/footer.fragment
festivals/thanksgiving/wishes-and-cards/thanksgiving-23.htm,festivals/thanksgiving/wishes-and-cards/thanksgiving-23.htm,no,merged,/Users/prashantdhingra/e/a3_output/happy-new-year.org/output/content/festivals/thanksgiving/wishes-and-cards/footer.fragment
festivals/thanksgiving/wishes-and-cards/Ham-dinner.htm,festivals/thanksgiving/wishes-and-cards/Ham-dinner.htm,no,merged,/Users/prashantdhingra/e/a3_output/happy-new-year.org/output/content/festivals/thanksgiving/wishes-and-cards/footer.fragment
festivals/thanksgiving/wishes-and-cards/Autumn Flowers.htm,festivals/thanksgiving/wishes-and-cards/Autumn Flowers.htm,no,merged,/Users/prashantdhingra/e/a3_output/happy-new-year.org/output/content/festivals/thanksgiving/wishes-and-cards/footer.fragment
festivals/thanksgiving/wishes-and-cards/thanksgiving-22.htm,festivals/thanksgiving/wishes-and-cards/thanksgiving-22.htm,no,merged,/Users/prashantdhingra/e/a3_output/happy-new-year.org/output/content/festivals/thanksgiving/wishes-and-cards/footer.fragment
festivals/thanksgiving/wishes-and-cards/thanksgiving-20.htm,festivals/thanksgiving/wishes-and-cards/thanksgiving-20.htm,no,merged,/Users/prashantdhingra/e/a3_output/happy-new-year.org/output/content/festivals/thanksgiving/wishes-and-cards/footer.fragment
festivals/thanksgiving/wishes-and-cards/kabab.htm,festivals/thanksgiving/wishes-and-cards/kabab.htm,no,merged,/Users/prashantdhingra/e/a3_output/happy-new-year.org/output/content/festivals/thanksgiving/wishes-and-cards/footer.fragment
festivals/thanksgiving/wishes-and-cards/thanksgiving-21.htm,festivals/thanksgiving/wishes-and-cards/thanksgiving-21.htm,no,merged,/Users/prashantdhingra/e/a3_output/happy-new-year.org/output/content/festivals/thanksgiving/wishes-and-cards/footer.fragment
festivals/thanksgiving/wishes-and-cards/thanksgiving-25.htm,festivals/thanksgiving/wishes-and-cards/thanksgiving-25.htm,no,merged,/Users/prashantdhingra/e/a3_output/happy-new-year.org/output/content/festivals/thanksgiving/wishes-and-cards/footer.fragment
festivals/thanksgiving/wishes-and-cards/thanksgiving-31.htm,festivals/thanksgiving/wishes-and-cards/thanksgiving-31.htm,no,merged,/Users/prashantdhingra/e/a3_output/happy-new-year.org/output/content/festivals/thanksgiving/wishes-and-cards/footer.fragment
festivals/thanksgiving/wishes-and-cards/thanksgiving-19.htm,festivals/thanksgiving/wishes-and-cards/thanksgiving-19.htm,no,merged,/Users/prashantdhingra/e/a3_output/happy-new-year.org/output/content/festivals/thanksgiving/wishes-and-cards/footer.fragment
festivals/thanksgiving/wishes-and-cards/Turkey-with-makeup.htm,festivals/thanksgiving/wishes-and-cards/Turkey-with-makeup.htm,no,merged,/Users/prashantdhingra/e/a3_output/happy-new-year.org/output/content/festivals/thanksgiving/wishes-and-cards/footer.fragment
festivals/thanksgiving/wishes-and-cards/Turkey-on-bike.htm,festivals/thanksgiving/wishes-and-cards/Turkey-on-bike.htm,no,merged,/Users/prashantdhingra/e/a3_output/happy-new-year.org/output/content/festivals/thanksgiving/wishes-and-cards/footer.fragment
festivals/thanksgiving/wishes-and-cards/thanksgiving-18.htm,festivals/thanksgiving/wishes-and-cards/thanksgiving-18.htm,no,merged,/Users/prashantdhingra/e/a3_output/happy-new-year.org/output/content/festivals/thanksgiving/wishes-and-cards/footer.fragment
festivals/thanksgiving/wishes-and-cards/thanksgiving-24.htm,festivals/thanksgiving/wishes-and-cards/thanksgiving-24.htm,no,merged,/Users/prashantdhingra/e/a3_output/happy-new-year.org/output/content/festivals/thanksgiving/wishes-and-cards/footer.fragment
festivals/thanksgiving/wishes-and-cards/thanksgiving-32.htm,festivals/thanksgiving/wishes-and-cards/thanksgiving-32.htm,no,merged,/Users/prashantdhingra/e/a3_output/happy-new-year.org/output/content/festivals/thanksgiving/wishes-and-cards/footer.fragment
festivals/thanksgiving/wishes-and-cards/thanksgiving-26.htm,festivals/thanksgiving/wishes-and-cards/thanksgiving-26.htm,no,merged,/Users/prashantdhingra/e/a3_output/happy-new-year.org/output/content/festivals/thanksgiving/wishes-and-cards/footer.fragment
festivals/thanksgiving/wishes-and-cards/pray.htm,festivals/thanksgiving/wishes-and-cards/pray.htm,no,merged,/Users/prashantdhingra/e/a3_output/happy-new-year.org/output/content/festivals/thanksgiving/wishes-and-cards/footer.fragment
festivals/thanksgiving/wishes-and-cards/HappyThanksGiving.htm,festivals/thanksgiving/wishes-and-cards/HappyThanksGiving.htm,no,merged,/Users/prashantdhingra/e/a3_output/happy-new-year.org/output/content/festivals/thanksgiving/wishes-and-cards/footer.fragment
festivals/thanksgiving/wishes-and-cards/thanksgiving-27.htm,festivals/thanksgiving/wishes-and-cards/thanksgiving-27.htm,no,merged,/Users/prashantdhingra/e/a3_output/happy-new-year.org/output/content/festivals/thanksgiving/wishes-and-cards/footer.fragment
festivals/thanksgiving/elegant-cards/thanks-giving-cards.htm,festivals/thanksgiving/elegant-cards/thanks-giving-cards.html,yes,merged,/Users/prashantdhingra/e/a3_output/happy-new-year.org/output/content/festivals/thanksgiving/elegant-cards/footer.fragment
festivals/thanksgiving/elegant-cards/thanks-giving-greetings.htm,festivals/thanksgiving/elegant-cards/thanks-giving-greetings.htm,no,merged,/Users/prashantdhingra/e/a3_output/happy-new-year.org/output/content/festivals/thanksgiving/elegant-cards/footer.fragment
festivals/thanksgiving/reference/chinese-thanks-giving.htm,festivals/thanksgiving/reference/chinese-thanks-giving.html,yes,merged,/Users/prashantdhingra/e/a3_output/happy-new-year.org/output/content/festivals/thanksgiving/reference/footer.fragment
festivals/thanksgiving/reference/indian-thanksgiving.htm,festivals/thanksgiving/reference/indian-thanksgiving.html,yes,merged,/Users/prashantdhingra/e/a3_output/happy-new-year.org/output/content/festivals/thanksgiving/reference/footer.fragment
festivals/mothers-day/mothers-day-quotes.htm,festivals/mothers-day/mothers-day-quotes.html,yes,merged,/Users/prashantdhingra/e/a3_output/happy-new-year.org/output/content/festivals/mothers-day/footer.fragment
festivals/mothers-day/gift-mothers-day.htm,festivals/mothers-day/gift-mothers-day.html,yes,merged,/Users/prashantdhingra/e/a3_output/happy-new-year.org/output/content/festivals/mothers-day/footer.fragment
festivals/mothers-day/motherhood.htm,festivals/mothers-day/motherhood.html,yes,merged,/Users/prashantdhingra/e/a3_output/happy-new-year.org/output/content/festivals/mothers-day/footer.fragment
festivals/mothers-day/mothers-day-receipts.htm,festivals/mothers-day/mothers-day-receipts.html,yes,merged,/Users/prashantdhingra/e/a3_output/happy-new-year.org/output/content/festivals/mothers-day/footer.fragment
festivals/mothers-day/quotes-mothers-day.htm,festivals/mothers-day/quotes-mothers-day.html,yes,merged,/Users/prashantdhingra/e/a3_output/happy-new-year.org/output/content/festivals/mothers-day/footer.fragment
festivals/mothers-day/mothers-day-celebration.html,festivals/mothers-day/mothers-day-celebration.html,yes,merged,/Users/prashantdhingra/e/a3_output/happy-new-year.org/output/content/festivals/mothers-day/footer.fragment
festivals/mothers-day/index.htm,festivals/mothers-day/honoring-motherhood.html,yes,merged,/Users/prashantdhingra/e/a3_output/happy-new-year.org/output/content/festivals/mothers-day/footer.fragment
festivals/mothers-day/mothers-day-gift-ideas.htm,festivals/mothers-day/mothers-day-gift-ideas.html,yes,merged,/Users/prashantdhingra/e/a3_output/happy-new-year.org/output/content/festivals/mothers-day/footer.fragment
festivals/mothers-day/mothers-day-articles.html,festivals/mothers-day/index.html,yes,merged,/Users/prashantdhingra/e/a3_output/happy-new-year.org/output/content/festivals/mothers-day/footer.fragment
festivals/mothers-day/history-of-mothers-day.htm,festivals/mothers-day/history-of-mothers-day.html,yes,merged,/Users/prashantdhingra/e/a3_output/happy-new-year.org/output/content/festivals/mothers-day/footer.fragment
festivals/mothers-day/mothers-day-diy-card.htm,festivals/mothers-day/mothers-day-diy-card.html,yes,merged,/Users/prashantdhingra/e/a3_output/happy-new-year.org/output/content/festivals/mothers-day/footer.fragment
festivals/mothers-day/special-wishes.htm,festivals/mothers-day/special-wishes.html,yes,merged,/Users/prashantdhingra/e/a3_output/happy-new-year.org/output/content/festivals/mothers-day/footer.fragment
festivals/mothers-day/mothers-day-self-care-tips.htm,festivals/mothers-day/mothers-day-self-care-tips.html,yes,merged,/Users/prashantdhingra/e/a3_output/happy-new-year.org/output/content/festivals/mothers-day/footer.fragment
festivals/mothers-day/big-day-for-florist.htm,festivals/mothers-day/big-day-for-florist.html,yes,merged,/Users/prashantdhingra/e/a3_output/happy-new-year.org/output/content/festivals/mothers-day/footer.fragment
festivals/islamic-new-year/index.html,festivals/islamic-new-year/index.html,yes,merged,/Users/prashantdhingra/e/a3_output/happy-new-year.org/output/content/festivals/islamic-new-year/footer.fragment
festivals/dusshera/delicious-dussehra-recipes-traditional-festive-foods.htm,festivals/dusshera/delicious-dussehra-recipes-traditional-festive-foods.html,yes,merged,/Users/prashantdhingra/e/a3_output/happy-new-year.org/output/content/festivals/dusshera/footer.fragment
festivals/dusshera/eco-friendly-dussehra-sustainable-ways-to-celebrate.htm,festivals/dusshera/eco-friendly-dussehra-sustainable-ways-to-celebrate.html,yes,merged,/Users/prashantdhingra/e/a3_output/happy-new-year.org/output/content/festivals/dusshera/footer.fragment
festivals/dusshera/vijaya-dashmi-wishes-in-indian-languages.html,festivals/dusshera/vijaya-dashmi-wishes-in-indian-languages.html,no,merged,/Users/prashantdhingra/e/a3_output/happy-new-year.org/output/content/festivals/dusshera/footer.fragment
festivals/dusshera/story-of-lord-rama-and-ravana-essence-of-dussehra.htm,festivals/dusshera/story-of-lord-rama-and-ravana-essence-of-dussehra.html,yes,merged,/Users/prashantdhingra/e/a3_output/happy-new-year.org/output/content/festivals/dusshera/footer.fragment
festivals/dusshera/diy-dussehra-decorations-creative-ideas.htm,festivals/dusshera/diy-dussehra-decorations-creative-ideas.html,yes,merged,/Users/prashantdhingra/e/a3_output/happy-new-year.org/output/content/festivals/dusshera/footer.fragment
festivals/dusshera/symbolism-of-effigy-burning-on-dussehra.htm,festivals/dusshera/symbolism-of-effigy-burning-on-dussehra.html,yes,merged,/Users/prashantdhingra/e/a3_output/happy-new-year.org/output/content/festivals/dusshera/footer.fragment
festivals/dusshera/prepare-for-dussehra-rituals-shopping-festivities.htm,festivals/dusshera/prepare-for-dussehra-rituals-shopping-festivities.html,yes,merged,/Users/prashantdhingra/e/a3_output/happy-new-year.org/output/content/festivals/dusshera/footer.fragment
festivals/dusshera/dussehra-crafts-for-kids-fun-educational-projects.htm,festivals/dusshera/dussehra-crafts-for-kids-fun-educational-projects.html,yes,merged,/Users/prashantdhingra/e/a3_output/happy-new-year.org/output/content/festivals/dusshera/footer.fragment
festivals/dusshera/dussehra-festivals-around-the-world-global-celebrations.htm,festivals/dusshera/dussehra-festivals-around-the-world-global-celebrations.html,yes,merged,/Users/prashantdhingra/e/a3_output/happy-new-year.org/output/content/festivals/dusshera/footer.fragment
festivals/dusshera/dussehra-quotes-wishes-sharing-spirit-festival.htm,festivals/dusshera/dussehra-quotes-wishes-sharing-spirit-festival.html,yes,merged,/Users/prashantdhingra/e/a3_output/happy-new-year.org/output/content/festivals/dusshera/footer.fragment
festivals/dusshera/index.htm,festivals/dusshera/index.html,yes,merged,/Users/prashantdhingra/e/a3_output/happy-new-year.org/output/content/festivals/dusshera/footer.fragment
festivals/dusshera/significance-of-ramlila-performances-during-dussehra.htm,festivals/dusshera/significance-of-ramlila-performances-during-dussehra.html,yes,merged,/Users/prashantdhingra/e/a3_output/happy-new-year.org/output/content/festivals/dusshera/footer.fragment
festivals/dusshera/planning-dussehra-celebration-tips-memorable-event.htm,festivals/dusshera/planning-dussehra-celebration-tips-memorable-event.html,yes,merged,/Users/prashantdhingra/e/a3_output/happy-new-year.org/output/content/festivals/dusshera/footer.fragment
festivals/dusshera/history-significance-of-dussehra-triumph-good-over-evil.htm,festivals/dusshera/history-significance-of-dussehra-triumph-good-over-evil.html,yes,merged,/Users/prashantdhingra/e/a3_output/happy-new-year.org/output/content/festivals/dusshera/footer.fragment
festivals/dusshera/dussehra-celebrations-across-india-regional-traditions.htm,festivals/dusshera/dussehra-celebrations-across-india-regional-traditions.html,yes,merged,/Users/prashantdhingra/e/a3_output/happy-new-year.org/output/content/festivals/dusshera/footer.fragment
festivals/dusshera/importance-of-navratri-leading-to-dussehra.htm,festivals/dusshera/importance-of-navratri-leading-to-dussehra.html,yes,merged,/Users/prashantdhingra/e/a3_output/happy-new-year.org/output/content/festivals/dusshera/footer.fragment
festivals/dusshera/dussehra-in-modern-times-adapting-traditions.htm,festivals/dusshera/dussehra-in-modern-times-adapting-traditions.html,yes,merged,/Users/prashantdhingra/e/a3_output/happy-new-year.org/output/content/festivals/dusshera/footer.fragment
festivals/pongal/bihu-info.html,festivals/pongal/bihu-info.html,yes,merged,/Users/prashantdhingra/e/a3_output/happy-new-year.org/output/content/festivals/pongal/footer.fragment
festivals/pongal/pongal-photos-source.htm,festivals/pongal/index.html,yes,merged,/Users/prashantdhingra/e/a3_output/happy-new-year.org/output/content/festivals/pongal/footer.fragment
festivals/pongal/ganga-sagar-mela.html,festivals/pongal/ganga-sagar-mela.html,yes,merged,/Users/prashantdhingra/e/a3_output/happy-new-year.org/output/content/festivals/pongal/footer.fragment
festivals/pongal/quotes-pongal.htm,festivals/pongal/quotes-pongal.html,yes,merged,/Users/prashantdhingra/e/a3_output/happy-new-year.org/output/content/festivals/pongal/footer.fragment
festivals/pongal/bihu-theme.html,festivals/pongal/bihu-theme.html,yes,merged,/Users/prashantdhingra/e/a3_output/happy-new-year.org/output/content/festivals/pongal/footer.fragment
festivals/pongal/makarsankranti-pongal.html,festivals/pongal/makarsankranti-pongal.html,yes,merged,/Users/prashantdhingra/e/a3_output/happy-new-year.org/output/content/festivals/pongal/footer.fragment
festivals/pongal/gagasagar-mela-info.html,festivals/pongal/gagasagar-mela-info.html,yes,merged,/Users/prashantdhingra/e/a3_output/happy-new-year.org/output/content/festivals/pongal/footer.fragment
festivals/pongal/pongal-wishes.html,festivals/pongal/pongal-wishes.html,yes,merged,/Users/prashantdhingra/e/a3_output/happy-new-year.org/output/content/festivals/pongal/footer.fragment
festivals/pongal/gangasagar-mela-tradition.html,festivals/pongal/gangasagar-mela-tradition.html,yes,merged,/Users/prashantdhingra/e/a3_output/happy-new-year.org/output/content/festivals/pongal/footer.fragment
festivals/pongal/pongal-tradition.html,festivals/pongal/pongal-tradition.html,yes,merged,/Users/prashantdhingra/e/a3_output/happy-new-year.org/output/content/festivals/pongal/footer.fragment
festivals/pongal/bihu.html,festivals/pongal/bihu.html,yes,merged,/Users/prashantdhingra/e/a3_output/happy-new-year.org/output/content/festivals/pongal/footer.fragment
festivals/hindu-new-year/index.html,festivals/hindu-new-year/index.html,yes,merged,/Users/prashantdhingra/e/a3_output/happy-new-year.org/output/content/festivals/hindu-new-year/footer.fragment
festivals/eid/gift-eid.htm,festivals/eid/gift-eid.html,yes,merged,/Users/prashantdhingra/e/a3_output/happy-new-year.org/output/content/festivals/eid/footer.fragment
festivals/gurunanak-jayanti/guru-nanak-jayanti-quotes-messages-sharing-spirit-day.htm,festivals/gurunanak-jayanti/guru-nanak-jayanti-quotes-messages-sharing-spirit-day.html,yes,merged,/Users/prashantdhingra/e/a3_output/happy-new-year.org/output/content/festivals/gurunanak-jayanti/footer.fragment
festivals/gurunanak-jayanti/guru-nanak-jayanti-modern-times-preserving-sikh-traditions.htm,festivals/gurunanak-jayanti/guru-nanak-jayanti-modern-times-preserving-sikh-traditions.html,yes,merged,/Users/prashantdhingra/e/a3_output/happy-new-year.org/output/content/festivals/gurunanak-jayanti/footer.fragment
festivals/gurunanak-jayanti/role-of-kirtan-prayers-guru-nanak-jayanti-celebrations.htm,festivals/gurunanak-jayanti/role-of-kirtan-prayers-guru-nanak-jayanti-celebrations.html,yes,merged,/Users/prashantdhingra/e/a3_output/happy-new-year.org/output/content/festivals/gurunanak-jayanti/footer.fragment
festivals/gurunanak-jayanti/childrens-activities-guru-nanak-jayanti-learning-fun.htm,festivals/gurunanak-jayanti/childrens-activities-guru-nanak-jayanti-learning-fun.html,yes,merged,/Users/prashantdhingra/e/a3_output/happy-new-year.org/output/content/festivals/gurunanak-jayanti/footer.fragment
festivals/gurunanak-jayanti/diy-decorations-guru-nanak-jayanti-creative-spiritual-ideas.htm,festivals/gurunanak-jayanti/diy-decorations-guru-nanak-jayanti-creative-spiritual-ideas.html,yes,merged,/Users/prashantdhingra/e/a3_output/happy-new-year.org/output/content/festivals/gurunanak-jayanti/footer.fragment
festivals/gurunanak-jayanti/guru-nanak-jayanti-celebrations-world-global-perspective.htm,festivals/gurunanak-jayanti/guru-nanak-jayanti-celebrations-world-global-perspective.html,yes,merged,/Users/prashantdhingra/e/a3_output/happy-new-year.org/output/content/festivals/gurunanak-jayanti/footer.fragment
festivals/gurunanak-jayanti/celebrate-guru-nanak-jayanti-home-rituals-traditions.htm,festivals/gurunanak-jayanti/celebrate-guru-nanak-jayanti-home-rituals-traditions.html,yes,merged,/Users/prashantdhingra/e/a3_output/happy-new-year.org/output/content/festivals/gurunanak-jayanti/footer.fragment
festivals/gurunanak-jayanti/history-significance-guru-nanak-jayanti-honoring-first-sikh-guru.htm,festivals/gurunanak-jayanti/history-significance-guru-nanak-jayanti-honoring-first-sikh-guru.html,yes,merged,/Users/prashantdhingra/e/a3_output/happy-new-year.org/output/content/festivals/gurunanak-jayanti/footer.fragment
festivals/gurunanak-jayanti/life-of-guru-nanak-dev-ji-inspiring-stories-legacy.htm,festivals/gurunanak-jayanti/life-of-guru-nanak-dev-ji-inspiring-stories-legacy.html,yes,merged,/Users/prashantdhingra/e/a3_output/happy-new-year.org/output/content/festivals/gurunanak-jayanti/footer.fragment
festivals/gurunanak-jayanti/eco-friendly-guru-nanak-jayanti-sustainable-ways-celebrate.htm,festivals/gurunanak-jayanti/eco-friendly-guru-nanak-jayanti-sustainable-ways-celebrate.html,yes,merged,/Users/prashantdhingra/e/a3_output/happy-new-year.org/output/content/festivals/gurunanak-jayanti/footer.fragment
festivals/gurunanak-jayanti/langar-tradition-community-service-guru-nanak-jayanti.htm,festivals/gurunanak-jayanti/langar-tradition-community-service-guru-nanak-jayanti.html,yes,merged,/Users/prashantdhingra/e/a3_output/happy-new-year.org/output/content/festivals/gurunanak-jayanti/footer.fragment
festivals/gurunanak-jayanti/teachings-of-guru-nanak-dev-ji-lessons-harmonious-life.htm,festivals/gurunanak-jayanti/teachings-of-guru-nanak-dev-ji-lessons-harmonious-life.html,yes,merged,/Users/prashantdhingra/e/a3_output/happy-new-year.org/output/content/festivals/gurunanak-jayanti/footer.fragment
festivals/gurunanak-jayanti/organize-community-langar-guru-nanak-jayanti.htm,festivals/gurunanak-jayanti/organize-community-langar-guru-nanak-jayanti.html,yes,merged,/Users/prashantdhingra/e/a3_output/happy-new-year.org/output/content/festivals/gurunanak-jayanti/footer.fragment
festivals/gurunanak-jayanti/guru-nanak-journey-udasis-teachings.htm,festivals/gurunanak-jayanti/guru-nanak-journey-udasis-teachings.html,yes,merged,/Users/prashantdhingra/e/a3_output/happy-new-year.org/output/content/festivals/gurunanak-jayanti/footer.fragment
festivals/gurunanak-jayanti/famous-gurudwaras-visit-guru-nanak-jayanti.htm,festivals/gurunanak-jayanti/famous-gurudwaras-visit-guru-nanak-jayanti.html,yes,merged,/Users/prashantdhingra/e/a3_output/happy-new-year.org/output/content/festivals/gurunanak-jayanti/footer.fragment
festivals/memorial-day/military-memorials.htm,festivals/memorial-day/military-memorials.html,yes,merged,/Users/prashantdhingra/e/a3_output/happy-new-year.org/output/content/festivals/memorial-day/footer.fragment
festivals/memorial-day/memorial-day-travel.htm,festivals/memorial-day/memorial-day-travel.html,yes,merged,/Users/prashantdhingra/e/a3_output/happy-new-year.org/output/content/festivals/memorial-day/footer.fragment
festivals/memorial-day/index.htm,festivals/memorial-day/index.html,yes,merged,/Users/prashantdhingra/e/a3_output/happy-new-year.org/output/content/festivals/memorial-day/footer.fragment
festivals/memorial-day/memorial-day-recipes.htm,festivals/memorial-day/memorial-day-recipes.html,yes,merged,/Users/prashantdhingra/e/a3_output/happy-new-year.org/output/content/festivals/memorial-day/footer.fragment
festivals/memorial-day/national-moment-of-remembrance.htm,festivals/memorial-day/national-moment-of-remembrance.html,yes,merged,/Users/prashantdhingra/e/a3_output/happy-new-year.org/output/content/festivals/memorial-day/footer.fragment
websites/index.htm,websites/index.html,yes,merged,/Users/prashantdhingra/e/a3_output/happy-new-year.org/output/content/websites/footer.fragment
Gadgets/Devices-32.htm,Gadgets/index.html,yes,merged,/Users/prashantdhingra/e/a3_output/happy-new-year.org/output/content/Gadgets/footer.fragment
Gadgets/pictures.htm,Gadgets/pictures.htm,no,merged,/Users/prashantdhingra/e/a3_output/happy-new-year.org/output/content/Gadgets/footer.fragment
Gadgets/MicrosoftBand.htm,Gadgets/index-2.html,yes,"collision, renamed to index-2.html",/Users/prashantdhingra/e/a3_output/happy-new-year.org/output/content/Gadgets/footer.fragment
Gadgets/Microsoft-Band/pictures.htm,Gadgets/Microsoft-Band/pictures.htm,no,merged,/Users/prashantdhingra/e/a3_output/happy-new-year.org/output/content/Gadgets/Microsoft-Band/footer.fragment
chat-new-year/new-year-wishes-for-chat.htm,chat-new-year/index.html,yes,merged,/Users/prashantdhingra/e/a3_output/happy-new-year.org/output/content/chat-new-year/footer.fragment
